（親）ASIN,（子）ASIN,タイトル,セッション数 - 合計,セッション数 - 合計 - B2B,セッション率 - 合計,セッション率 - 合計 - B2B,ページビュー - 合計,ページビュー - 合計 - B2B,ページビュー率 - 合計,ページビュー率 - 合計 - B2B,おすすめ出品（おすすめ商品）の獲得率,おすすめ出品（おすすめ商品）の獲得率 - B2B,注文された商品点数,注文点数 - B2B,ユニットセッション率,ユニットセッション率 - B2B,注文商品の売上額,注文商品の売上額 - B2B,注文品目総数,注文品目総数 - B2B
B0DPFPJ7XD,B0DPFPJ7XD,チャオ ちゅーる 1歳までの子ねこ用バラエティ 3種アソート 40本 （オリジナルおしぼりセット）猫用 キャットフード,786,10,0.05%,0.09%,"1,043",11,0.04%,0.07%,99.90%,100.00%,126,5,16.03%,50.00%,"￥352,548","￥13,990",115,3
B0FM44VB6Z,B0FL297CY2,クーリア シールバインダー とうめいシールバインダー クリア 01065,"1,642",3,0.10%,0.03%,"2,642",3,0.11%,0.02%,49.68%,100.00%,88,0,5.36%,0.00%,"￥97,950",￥0,81,0
B0H7437XRV,B0H7437XRV,【セット品】アイスノン シャツミスト ICE KING 本体300ml＋詰替280ml セット 白元アース 冷感スプレー 衣類用 消臭 除菌 瞬間冷却 暑さ対策 熱中症対策 通勤 通学 スポーツ 作業着 アウトドア 大容量セット,954,21,0.06%,0.20%,"1,295",39,0.05%,0.25%,100.00%,100.00%,85,11,8.91%,52.38%,"￥203,200","￥24,980",77,6
B0F746FDX1,B0DNTM1LPB,マルカン インコのおやつ かじりま専科 ２本入り 鳥 おやつ スナック・ビスケット (３袋),108,0,0.01%,0.00%,148,0,0.01%,0.00%,97.73%,0.00%,50,0,46.30%,0.00%,"￥74,900",￥0,43,0
B0HBZS241P,B0HBZS241P,【まとめ買い】トップ クリアリキッド 抗菌 部屋干し 詰め替え 500g ×3個セット | 洗濯洗剤 液体洗剤 生乾き臭対策 24時間抗菌 消臭 ライオン,767,4,0.05%,0.04%,"1,010",5,0.04%,0.03%,98.85%,100.00%,44,0,5.74%,0.00%,"￥76,120",￥0,40,0
B0H2W8TN9T,B0H2W8TN9T,【まとめ買い】ロッシモイストエイド 馬油ナチュラルミルクローション 485ml×4個 オリジナルスパウトパウチ付き 大容量 ボディミルク 保湿 乾燥肌 全身用 家族用 ポンプタイプ スキンケア (4),254,2,0.02%,0.02%,379,5,0.02%,0.03%,99.69%,100.00%,43,0,16.93%,0.00%,"￥153,940",￥0,39,0
B0F746FDX1,B0DNTLXPQ5,マルカン インコのおやつ かじりま専科 ２本入り 鳥 おやつ スナック・ビスケット (２袋),136,0,0.01%,0.00%,207,0,0.01%,0.00%,98.90%,0.00%,39,0,28.68%,0.00%,"￥46,220",￥0,38,0
B0D1P44HT9,B0D1P44HT9,エクセル 乳酸菌生成エキス コスモスラクト バード 30ml 鳥用 サプリ 綿棒付き,146,0,0.01%,0.00%,237,0,0.01%,0.00%,100.00%,0.00%,37,0,25.34%,0.00%,"￥88,430",￥0,37,0
B0FCBGT5FS,B0FCBGT5FS,【セット品】 いなば チャオ こだわり焼かつおディナー 4種 アソート 国産 30g×16袋 猫用 パウチ キャットフード バラエティセット,335,1,0.02%,0.01%,451,1,0.02%,0.01%,97.52%,0.00%,34,0,10.15%,0.00%,"￥74,638",￥0,34,0
B0H38NZN4X,B0H38NZN4X,【まとめ買い】熱中対策 シャツクール 冷感ストロング 詰替用 250ml×4個セット ＋ オリジナルスパウトパウチ付き 冷感スプレー 衣類用 ひんやり 冷却スプレー 熱中症対策 暑さ対策 汗対策 消臭 通勤 通学 作業着 アウトドア,593,16,0.04%,0.15%,793,17,0.03%,0.11%,99.72%,94.12%,42,12,7.08%,75.00%,"￥125,160","￥35,760",33,5
B0DQ83K574,B0DQ83K574,デビフ おすわりくん ササミ ７５ｇ ×４袋セット 犬用 おやつ,78,0,0.00%,0.00%,113,0,0.00%,0.00%,96.04%,0.00%,37,1,47.44%,0.00%,"￥44,094","￥1,180",32,1
B0G1H9B4K2,B0DGQQH4TT,アース・ペット スタミノール 食欲がない時に 犬・猫用 100g,153,2,0.01%,0.02%,221,3,0.01%,0.02%,90.53%,100.00%,32,0,20.92%,0.00%,"￥60,448",￥0,31,0
B0HC1KZX44,B0HC1KZX44,【セット品】クーリア クリアジェムステッカー 6種セット エンジェル ストロベリー レモン グレープ ソーダ プラネット 透明 ジェムシール デコレーション 手帳 ノート スマホ コラージュ,859,5,0.05%,0.05%,"1,277",7,0.05%,0.04%,100.00%,100.00%,32,0,3.73%,0.00%,"￥80,760",￥0,31,0
B0DQ7VK36R,B0DQ7VK36R,デビフ dbf おさんぽくん ササミ と 鶏肉&レバー 60g(15g×4袋) ×４袋セット 犬用 おやつ 2種 アソート,104,1,0.01%,0.01%,157,1,0.01%,0.01%,99.25%,100.00%,47,1,45.19%,100.00%,"￥65,706","￥1,398",28,1
B0FL244HK2,B0FL244HK2,【セット品】 いなば ちゅ～る トッパー ドライ 3種 (180g×3) 合計３袋セット 犬用 おやつ ドックフード アソート,151,0,0.01%,0.00%,234,0,0.01%,0.00%,98.54%,0.00%,28,0,18.54%,0.00%,"￥42,226",￥0,28,0
B0FV7TS5Y7,B0FV7TS5Y7,【5種セット】 いなば トッパーまぜて ちゅ〜るボール (まぐろ/かつお/とりささみ/まぐろかつお節味/とりささみ本格だし) 猫 おやつ キャットフード アソート まとめ買い,164,0,0.01%,0.00%,220,0,0.01%,0.00%,98.99%,0.00%,27,0,16.46%,0.00%,"￥39,960",￥0,27,0
B0H7R5YVM7,B0H7R5YVM7,【まとめ買い】はだまも お肌の虫よけミスト 200ml×3個セット 虫よけスプレー ディート無配合 イカリジン配合 お肌にやさしい ミストタイプ 4種のうるおい成分配合 家族で使える アース製薬,280,16,0.02%,0.15%,356,23,0.01%,0.15%,100.00%,100.00%,30,3,10.71%,18.75%,"￥80,400","￥7,940",27,2
B0H7C9RK42,B0H7C9RK42,【まとめ買い】ロッシモイストエイド 馬油ナチュラルミルクローション 485ml×2個オリジナルスパウトパウチ付き 大容量 ボディミルク 保湿 乾燥肌 全身用 家族用 ポンプタイプ スキンケア (2),197,10,0.01%,0.09%,289,13,0.01%,0.08%,99.61%,100.00%,28,4,14.21%,40.00%,"￥61,040","￥8,720",26,2
B0HD77WVWR,B0HD77WVWR,【セット品】レノア アロマジュエル Perfume N°7 ジャスミンローズの香り 本体 420mL + 詰め替え 1410mL セット 香り付けビーズ 洗濯用 フレグランスビーズ 大容量,988,7,0.06%,0.07%,"1,278",11,0.05%,0.07%,99.74%,100.00%,25,0,2.53%,0.00%,"￥100,100",￥0,24,0
B0F937NTLY,B0F937NTLY,【公式】ICY ZAP アイシーザップ クーリングスカルプセラム サマーシャーベットの香り 暑さ対策 お風呂上りドライヤー 頭ひんやり 冷感 汗対策100mL,320,3,0.02%,0.03%,410,3,0.02%,0.02%,71.00%,50.00%,26,0,8.13%,0.00%,"￥33,280",￥0,23,0
B0F9FD5B54,B0F9FD5B54,【セット品】サンライズ ゴン太の歯磨き専用おやつ 鶏アキレス 50g ×３袋セット 犬用おやつ ハミガキ,104,2,0.01%,0.02%,147,2,0.01%,0.01%,100.00%,100.00%,26,0,25.00%,0.00%,"￥30,680",￥0,23,0
B0FL6WTK7G,B0FL6WTK7G,【セット品】 いなば 鶏づくし とりささみ 5種 (180ｇ×5袋) 合計5袋セット 猫 キャットフード ウェット ゼリー おやつ 小分け パウチ アソート 水分補給,287,3,0.02%,0.03%,377,4,0.02%,0.03%,98.52%,100.00%,24,0,8.36%,0.00%,"￥52,320",￥0,23,0
B0H6XNRDNZ,B0H6XNRDNZ,【セット品】アース モンスーン 虫よけ線香 ラベンダーの香り 100巻 + 保存缶セット 専用保存缶付き 線香立て付き 長時間燃焼 約7時間 キャンプ アウトドア BBQ ベランダ 庭 農作業 屋外用 虫よけ アース製薬,582,14,0.04%,0.13%,755,17,0.03%,0.11%,100.00%,100.00%,23,1,3.95%,7.14%,"￥97,140","￥4,380",23,1
B003GYQGXM,B003GYQGXM,ロイヤルカナン FHN エクシジェント トライアルセット 猫用 120g×3種,738,3,0.05%,0.03%,"1,008",4,0.04%,0.03%,17.29%,0.00%,25,0,3.39%,0.00%,"￥32,130",￥0,22,0
B0BW9D1GCL,B0BW9D1GCL,チャオ (CIAO) ちゅ~るごはん まぐろバラエティ 14g×20本 猫用おやつ,203,0,0.01%,0.00%,252,0,0.01%,0.00%,60.78%,0.00%,31,0,15.27%,0.00%,"￥38,450",￥0,22,0
B0D21SBN9D,B0D21SBN9D,ロイヤルカナン アペタイトコントロール おねだりの多い成猫用 ネコ 400g,89,1,0.01%,0.01%,120,1,0.00%,0.01%,100.00%,100.00%,25,1,28.09%,100.00%,"￥37,000","￥1,480",22,1
B0C2C8K5DR,B0C2C8K5DR,チャオ (CIAO) ピュアちゅ~る まぐろバラエティ 14g×20本 猫用おやつ,175,0,0.01%,0.00%,227,0,0.01%,0.00%,19.62%,0.00%,29,0,16.57%,0.00%,"￥27,550",￥0,21,0
B0GYCL5F3R,B0GYCL5F3R,【セット品】 いなば チャオ 焼かつおディナー 高齢猫用 2種 アソートセット 50g×16袋 国産 猫用 パウチ ウェットフード まとめ買い,131,0,0.01%,0.00%,182,0,0.01%,0.00%,100.00%,0.00%,25,0,19.08%,0.00%,"￥64,600",￥0,21,0
B0FH7137W6,B0FH7137W6,【セット品】ペットライン 懐石 2つのごほうび 6種セット 総合栄養食 国産 小分けタイプ 650g ×6個 アソート バラエティ キャットフード ドライ 大容量 まとめ買い 猫用 おやつ,160,4,0.01%,0.04%,213,5,0.01%,0.03%,100.00%,100.00%,20,0,12.50%,0.00%,"￥123,600",￥0,20,0
B0GXMW1CHQ,B0GXMW1CHQ,ゴン太の歯磨き専用ガムSSサイズ L8020乳酸菌入り 3種 アソート 120g ×3個セット 国産品,174,2,0.01%,0.02%,230,4,0.01%,0.03%,99.51%,100.00%,20,0,11.49%,0.00%,"￥29,960",￥0,20,0
B0D847F8R3,B0D1XWHPKJ,ロイヤルカナン ヘアボール ケア 毛玉が気になる成猫用 400g 便秘 栄養 (1),111,2,0.01%,0.02%,145,2,0.01%,0.01%,99.24%,100.00%,22,0,19.82%,0.00%,"￥43,560",￥0,19,0
B0H2RF5V5S,B0H2RF5V5S,【まとめ買い】Bioré ビオレ 冷タオル 無香性 5本入×5セット 計25本 ＋ オリジナルスパウトパウチ付き 冷感タオル 個包装 大容量 汗拭きシート クールタオル 暑さ対策 熱中症対策 スポーツ 通勤 通学 レジャー (25本),102,6,0.01%,0.06%,120,6,0.00%,0.04%,100.00%,100.00%,23,0,22.55%,0.00%,"￥78,040",￥0,19,0
B0GF8Y6V95,B01CNBX6X6,日本カルシウム工業 ペットボトル用浄水器 クリスタルH2O 1個入,355,3,0.02%,0.03%,523,4,0.02%,0.03%,40.14%,66.67%,20,0,5.63%,0.00%,"￥18,840",￥0,17,0
B0DQ7ZX95D,B0DQ7ZX95D,デビフ おさんぽくん ササミ シニア犬用 60g（小分けパック15g×4袋入） ×4袋セット 犬用 おやつ,59,0,0.00%,0.00%,90,0,0.00%,0.00%,100.00%,0.00%,19,0,32.20%,0.00%,"￥24,320",￥0,17,0
B00NOXLDH4,B00NOXLDH4,日本カルシウム工業 冷水筒浄水パック 水道水の塩素・カルキを99%カット アルカリイオン水が簡単,499,2,0.03%,0.02%,737,3,0.03%,0.02%,26.61%,0.00%,19,0,3.81%,0.00%,"￥27,650",￥0,16,0
B0F18S5YX3,B0DNM4FZYY,ラビオーム 【ロート製薬】 バリアビオソープ ポンプ本体 180ml フローラルの香り デリケート部位用ジェルソープ(乳酸菌 弱酸性 防腐剤フリー 敏感肌パッチテスト済)オンライン先行発売,"2,475",9,0.16%,0.08%,"3,216",13,0.13%,0.08%,7.92%,0.00%,16,0,0.65%,0.00%,"￥19,751",￥0,16,0
B0H7PDFT1Q,B0H7PDFT1Q,【セット品】小林製薬 熱中対策 シャツクール 冷感ストロング 本体100ml+詰替250ml 衣類用冷感スプレー 衣類にスプレーするだけ 汗をかくたびひんやり持続 消臭 除菌 暑さ対策 通勤 通学 スポーツ 屋外作業,230,6,0.01%,0.06%,289,6,0.01%,0.04%,99.64%,100.00%,17,1,7.39%,16.67%,"￥33,660","￥1,980",16,1
B0GZ3JF5XW,B07Q5846PR,INTEX(インテックス) 空気入れ ポンプ AC エレクトリックポンプ 100V 66639 [日本正規品],"1,029",17,0.06%,0.16%,"1,683",21,0.07%,0.13%,25.67%,40.00%,15,0,1.46%,0.00%,"￥38,700",￥0,15,0
B0F9932WN7,B0F9932WN7,ゴン太の歯磨き専用ガムSSサイズ L8020乳酸菌入り ４種 アソート 120g ×4個セット 国産品,106,2,0.01%,0.02%,144,2,0.01%,0.01%,98.47%,100.00%,16,0,15.09%,0.00%,"￥31,680",￥0,15,0
B0FV817DG5,B0FV817DG5,【5種セット】いなば チャオ ちゅーるスープ 4連パック (35gx4袋) 各8袋 合計40袋（ まぐろ/かつお＆かつお節/まぐろ＆貝柱/とりささみ＆しらす/とりささみ＆サーモン ） 猫 おやつ 水分補給 キャットフード ウェッフード パウチ まとめ買い バラエティ アソート,123,1,0.01%,0.01%,156,1,0.01%,0.01%,100.00%,0.00%,18,0,14.63%,0.00%,"￥51,740",￥0,15,0
B0DGPS3K6K,B0DGPS3K6K,黒瀬ペットフード 長崎県産 あわの穂 80g (1個),90,0,0.01%,0.00%,139,0,0.01%,0.00%,99.19%,0.00%,14,0,15.56%,0.00%,"￥20,972",￥0,14,0
B0FDGFLMZN,B0FDGFLMZN,【セット品】いなば 魚づくし 高齢猫用 まぐろ・かつお 2種 アソート (60ｇ×3袋) 合計６袋セット 猫 パウチ おやつ ウェット キャット フード,129,0,0.01%,0.00%,185,0,0.01%,0.00%,100.00%,0.00%,14,0,10.85%,0.00%,"￥27,920",￥0,14,0
B0H7C6TPM9,B0H7C6TPM9,【まとめ買い】ロッシモイストエイド 馬油ナチュラルミルクローション 485ml×3個 オリジナルスパウトパウチ付き 大容量 ボディミルク 保湿 乾燥肌 全身用 家族用 ポンプタイプ スキンケア (3),72,0,0.00%,0.00%,99,0,0.00%,0.00%,100.00%,0.00%,14,0,19.44%,0.00%,"￥41,720",￥0,14,0
B0H9QPJHCH,B0H9QPJHCH,【セット品】アリエール MiRAi 超濃縮 液体 爽快COOL 本体410g＋詰め替え920g セット 涼感リフレッシュクールの香り コンパクト洗濯洗剤 すすぎ1回OK タテ型 ドラム式対応 夏限定,603,5,0.04%,0.05%,765,6,0.03%,0.04%,99.71%,100.00%,16,0,2.65%,0.00%,"￥42,280",￥0,14,0
B0BVZ18YLS,B0BVZ18YLS,ペロQ 犬用おやつ ビーフ&チーズ（4本） チキン&ミルク（4本）スイートポテト（4本）まとめ買い【12本セット】おしぼり おまけつき,57,0,0.00%,0.00%,66,0,0.00%,0.00%,60.00%,0.00%,16,0,28.07%,0.00%,"￥31,636",￥0,13,0
B0DKSGNRCF,B0DKSGDMCZ,ドクターズチョイス ゴートミルク(ヤギミルク) 犬猫用みるく 120g ×2袋（オリジナルおしぼり付き） (2袋),32,0,0.00%,0.00%,44,0,0.00%,0.00%,100.00%,0.00%,13,0,40.63%,0.00%,"￥46,540",￥0,13,0
B0DKSKVX6D,B0DKSXGXNZ,ドクターズチョイス おいしい納豆菌 ふりかけタイプ 80g (2袋),281,1,0.02%,0.01%,401,1,0.02%,0.01%,100.00%,100.00%,13,0,4.63%,0.00%,"￥29,640",￥0,13,0
B0FW4KP3DK,B0FW4K6VZY,クーリア シールバインダー マイシールバインダー しずくちゃん しずくパーク 04390,277,3,0.02%,0.03%,409,4,0.02%,0.03%,61.99%,0.00%,14,0,5.05%,0.00%,"￥18,710",￥0,13,0
B0GSQGD2Z6,B0GSQDYTFZ,クーリア シール ボンボンドロップシール すいーつボンボン 01215,"10,470",35,0.66%,0.33%,"13,095",46,0.54%,0.29%,10.96%,2.86%,14,0,0.13%,0.00%,"￥13,790",￥0,13,0
B0H6XVG97Y,B0H6XVG97Y,【6袋セット】ビオレ 子どもも使える冷タオル 5枚入×6袋 ＋ maple treeオリジナルスパウトパウチ付き ノンアルコール 無香性 首かけ46cm 個包装 熱中対策 冷却タオル 暑さ対策 通学 通勤 アウトドア 花王,158,17,0.01%,0.16%,217,25,0.01%,0.16%,92.63%,100.00%,20,10,12.66%,58.82%,"￥99,600","￥49,800",13,5
B0F5NMZZ18,B0DNTDMBX3,マルカン 半生ソフトフルーツフード 100g 飼鳥用 鳥 おやつ フルーツ (２袋),47,0,0.00%,0.00%,61,0,0.00%,0.00%,100.00%,0.00%,12,1,25.53%,0.00%,"￥13,431","￥1,099",12,1
B0H7QV799G,B0H7QV799G,【3個セット】柑橘王子 フェイシャルクリアホイップSP 詰め替え 300ml×3個 泡洗顔 メンズ洗顔 洗顔フォーム レフィル 皮脂 毛穴汚れ テカリ対策 ビタミンC誘導体配合 シトラスの香り 大容量 まとめ買い,51,0,0.00%,0.00%,69,0,0.00%,0.00%,100.00%,0.00%,13,0,25.49%,0.00%,"￥26,740",￥0,12,0
B0HB36RZPY,B0HB36RZPY,【まとめ買い】消臭元 トイレのスプレー パルファム ノアール 280mL 4個セット トイレ用 消臭スプレー 消臭芳香剤 瞬間消臭 芳香 長時間 小林製薬,111,7,0.01%,0.07%,150,8,0.01%,0.05%,100.00%,100.00%,12,1,10.81%,14.29%,"￥23,760","￥1,980",12,1
B0FDGC838R,B0FDGC838R,【セット品】いなば 魚づくし まぐろ・かつお 6種 アソート (60ｇ×3袋) 合計６袋セット 猫 パウチ おやつ ウェット キャット フード,140,0,0.01%,0.00%,169,0,0.01%,0.00%,98.75%,0.00%,14,0,10.00%,0.00%,"￥30,520",￥0,11,0
B0FL5BF3VN,B0FL5BF3VN,【4種セット】にゃんspoon 2種のアソート (10g×4本入り) 4種セット 猫用 おやつ にゃんスプーン まとめ買い お試し 猫のおやつ,73,1,0.00%,0.01%,94,1,0.00%,0.01%,76.67%,0.00%,17,0,23.29%,0.00%,"￥21,760",￥0,11,0
B0FV7YZ7HY,B0FV7YZ7HY,【5種セット】いなば ちゅーるスープ 4連パック (35gx4袋) 各12袋 合計60袋 （ まぐろ/かつお＆かつお節/まぐろ＆貝柱/とりささみ＆しらす/とりささみ＆サーモン ） 猫 おやつ 水分補給 キャットフード ウェッフード パウチ まとめ買い バラエティ アソート,73,0,0.00%,0.00%,90,0,0.00%,0.00%,100.00%,0.00%,11,0,15.07%,0.00%,"￥45,580",￥0,11,0
B00JRNM0NG,B00JRNM0NG,CIAO(チャオ) 焼かつおディナー 高齢猫用かつお節・ほたて貝柱入り 50g×16袋【まとめ買い】,167,2,0.01%,0.02%,222,2,0.01%,0.01%,28.37%,0.00%,10,0,5.99%,0.00%,"￥27,376",￥0,10,0
B00URAIVZ4,B00URAIVZ4,【花王】ビオレ　毛穴すっきりパック　鼻用　白色タイプ　１０枚入 ×５個セット,432,1,0.03%,0.01%,599,1,0.02%,0.01%,13.12%,0.00%,10,0,2.31%,0.00%,"￥24,370",￥0,10,0
B0DNT4KT8F,B0DNT4KT8F,【セット品】ナチュラルペットフーズ PRO ADVANCE セキセイインコ 650g × 2個セット シード＆ペレットミックス 総合栄養食 鳥 餌,39,0,0.00%,0.00%,54,0,0.00%,0.00%,100.00%,0.00%,10,0,25.64%,0.00%,"￥22,300",￥0,10,0
B0F8BCMYPC,B0F8BCMYPC,【公式】ICY ZAP アイシーザップ クーリングスクエアパック クールフェイスパック 部分用マスク CICAエクソソーム メントールフリー,"1,514",9,0.10%,0.08%,"2,124",10,0.09%,0.06%,4.09%,0.00%,11,0,0.73%,0.00%,"￥13,092",￥0,10,0
B0HB3SFNPM,B0HB3SFNPM,【まとめ買い】ロッシモイストエイド 馬油スキンクリーム 220g 4個セット 馬油 保湿クリーム 全身 顔 手 足 ボディクリーム ハンドクリーム 乾燥肌 スキンケア 日本製 コスメテックスローランド,84,1,0.01%,0.01%,116,1,0.00%,0.01%,100.00%,100.00%,10,0,11.90%,0.00%,"￥27,800",￥0,10,0
B0CKJ4FCMH,B0CKJ4FCMH,【P&G】アリエール ジェルボール 4D 微香 つめかえ用 メガジャンボサイズ 83個入 ×4個セット,354,8,0.02%,0.08%,483,10,0.02%,0.06%,22.92%,11.11%,10,0,2.82%,0.00%,"￥83,400",￥0,9,0
B0DK8FSKVP,B0DJ36NJ7G,サンライズ ゴン太の歯磨き専用ガムSSサイズ L8020乳酸菌入り クロロフィル入り 低脂肪 120g 3袋セット(90本),36,0,0.00%,0.00%,41,0,0.00%,0.00%,86.84%,0.00%,10,0,27.78%,0.00%,"￥14,800",￥0,9,0
B0DJCXYHLS,B0DJCXKM4G,ニチドウ 毛玉クリーン60g (2袋),87,0,0.01%,0.00%,104,0,0.00%,0.00%,97.94%,0.00%,9,0,10.34%,0.00%,"￥17,320",￥0,9,0
B0FD9LYGTK,B0FD9LYGTK,【セット品】いなば まぐろジュレ 乳酸菌入り バラエティ 3種 （65g×4個） 3箱セット +オリジナルスプーン付き 猫 ウェット キャットフード お試し アソート,309,3,0.02%,0.03%,381,6,0.02%,0.04%,97.97%,100.00%,9,0,2.91%,0.00%,"￥23,620",￥0,9,0
B0H2W39TW1,B0H2W39TW1,【まとめ買い】潤素肌 薬用和ハッカ 水ミスト 250mL×6個 オリジナルスパウトパウチ付き 化粧水 ミスト ハッカ クール 保湿 顔 ボディ 全身用 夏用 冷感 スプレー 薬用,78,0,0.00%,0.00%,110,0,0.00%,0.00%,99.00%,0.00%,9,0,11.54%,0.00%,"￥38,520",￥0,9,0
B0H9JY5P2B,B0H9JY5P2B,【セット品】アリエール ジェルボール 爽快クール 涼感 リフレッシュクールの香り 大容量98個セット 85個＋13個 洗濯洗剤 消臭 まとめ買い ドラム式 縦型 P&G 日用品 夏季限定,264,0,0.02%,0.00%,352,0,0.01%,0.00%,100.00%,0.00%,9,0,3.41%,0.00%,"￥46,820",￥0,9,0
B0H9QJNS2Q,B0H9QJNS2Q,【セット品】I ROKA イ ロカ ミュゲインザエア 柔軟剤 本体540mL＋詰替650mL セット 花王 プレミアム柔軟剤 香水のような上質な香り ピュアムスク 高級アンバー 衣類用 日本製,116,4,0.01%,0.04%,165,5,0.01%,0.03%,99.35%,100.00%,12,3,10.34%,75.00%,"￥37,260","￥8,940",9,1
B0814XGKWZ,B0812DYT68,トーラス 小動物の知恵 脱臭食 ペット用 30ml×2本,55,0,0.00%,0.00%,64,0,0.00%,0.00%,87.10%,0.00%,8,0,14.55%,0.00%,"￥12,864",￥0,8,0
B0F8MRXQPG,B0CVM4KZVR,ラボン(Lavons) トゥザムーン to the Moon ベッドルーム&ファブリックミスト ノクターナルブルーの香り 詰め替え 大容量 600ml,"1,778",18,0.11%,0.17%,"2,560",38,0.11%,0.24%,0.30%,0.00%,10,0,0.56%,0.00%,"￥14,046",￥0,8,0
B0D28N991R,B0D28N991R,フィリップス 電動歯ブラシ ソニッケアー ダイヤモンドクリーン9000 ワンランク上の白さへ,"9,835",103,0.62%,0.97%,"14,376",159,0.60%,1.01%,0.07%,0.00%,8,0,0.08%,0.00%,"￥203,840",￥0,8,0
B0DGQMZZQZ,B0DGQLX4K1,ニチドウ Dr.PRO. ドクター・プロ ベビーミルクスーパーIGP 幼猫用 100g （オリジナルおしぼり付） (1個),53,0,0.00%,0.00%,81,0,0.00%,0.00%,100.00%,0.00%,11,0,20.75%,0.00%,"￥22,880",￥0,8,0
B0DKT1ZKB4,B0DKT1ZKB4,ドクターズチョイス 納豆菌ジャーキー スティックタイプ 4種 150g×4袋セット（オリジナルおしぼり付き）,37,0,0.00%,0.00%,52,0,0.00%,0.00%,100.00%,0.00%,8,0,21.62%,0.00%,"￥20,540",￥0,8,0
B0H6XK6Z1F,B0H6XK6Z1F,いなば 鴨づくし かもだし仕立て 180g（60g×3袋）3種類×2セット 計6個 アソート キャットフード 猫用 ウェットフード パウチ 成猫用 食べ比べ バラエティ まとめ買い,67,1,0.00%,0.01%,82,1,0.00%,0.01%,96.30%,100.00%,10,0,14.93%,0.00%,"￥20,200",￥0,8,0
B0GF8Y6V95,B009S4H3B8,ペットボトル用浄水器 クリスタルH2O 2本セット,361,3,0.02%,0.03%,503,7,0.02%,0.04%,20.77%,28.57%,8,0,2.22%,0.00%,"￥13,450",￥0,7,0
B0B3XCXR5B,B0B3XH69V8,和みのうるうる水綿棒 個包装 50本入×7個,209,3,0.01%,0.03%,337,4,0.01%,0.03%,15.11%,75.00%,8,1,3.83%,33.33%,"￥12,570","￥1,600",7,1
B0D21NMPL4,B0D21NMPL4,ロイヤルカナン ステアライズド 避妊・去勢 成猫用 生後12ヵ月齢以上 2kg キャットフード（オリジナルおしぼり付き）,194,1,0.01%,0.01%,245,1,0.01%,0.01%,25.22%,0.00%,7,0,3.61%,0.00%,"￥39,940",￥0,7,0
B0D21VRPVD,B0D21VRPVD,ロイヤルカナン BHN プードル 成犬用 1.5kg ドッグフード ドライ チキン味,50,2,0.00%,0.02%,72,2,0.00%,0.01%,96.67%,100.00%,7,1,14.00%,50.00%,"￥27,860","￥3,980",7,1
B0D2225VHG,B0D2225VHG,ロイヤルカナン FCN ヘアボール ケア 猫用2kg 毛玉が気になる成猫用 ドライ キャットフード,16,0,0.00%,0.00%,19,0,0.00%,0.00%,100.00%,0.00%,7,0,43.75%,0.00%,"￥37,460",￥0,7,0
B0DK98BX8W,B0DK98BX8W,ユニ・チャーム グラン・デリサッポロポテトつぶベジ 20g,33,1,0.00%,0.01%,41,1,0.00%,0.01%,72.22%,100.00%,7,0,21.21%,0.00%,"￥3,850",￥0,7,0
B0FZQTSZGJ,B0DPMHLFKD,NEO(ネオ) ドッグスターNEO ササミ巻きクッキー チーズ 8本入×2袋セット 犬用 おやつ,17,0,0.00%,0.00%,28,0,0.00%,0.00%,100.00%,0.00%,10,0,58.82%,0.00%,"￥11,800",￥0,7,0
B0GSQDZB5N,B0GSQCP1MX,クーリア バインダー ボンボンドロップシールバインダーセット キャンディツインズ 01222,406,4,0.03%,0.04%,502,4,0.02%,0.03%,34.02%,0.00%,7,0,1.72%,0.00%,"￥12,462",￥0,7,0
B0H6L99WP3,B0H6L99WP3,トイレその後に フレッシュグリーン 280ml×2本セット オリジナルスパウトパウチ付き 小林製薬 トイレ用 消臭スプレー 消臭芳香剤 瞬間消臭 除菌 トイレ 芳香剤 まとめ買い,57,1,0.00%,0.01%,74,1,0.00%,0.01%,100.00%,100.00%,7,0,12.28%,0.00%,"￥10,360",￥0,7,0
B0H7QVKX4W,B0H7QVKX4W,【セット品】ジョイペット 犬用 リンスインシャンプー 本体350mL+詰替280mL セット 犬用シャンプー 犬 シャンプー リンス入り 泡立ち やさしい洗い心地 ニオイケア 被毛ケア 全犬種対応 詰め替えセット まとめ買い,33,0,0.00%,0.00%,52,0,0.00%,0.00%,100.00%,0.00%,7,0,21.21%,0.00%,"￥5,250",￥0,7,0
B0H7R1KTV5,B0H7R1KTV5,【セット品】アース製薬 マモルームエッセンス 虫よけパール 180日用 500g 3種セット【澄んだレモン・すっきりハッカ・やわらかいクリーンムスク】置き型 虫よけ 消臭 天然精油配合 玄関 リビング 寝室 室内用 大容量 約180日×3個セット,101,2,0.01%,0.02%,117,2,0.00%,0.01%,100.00%,100.00%,8,2,7.92%,100.00%,"￥19,040","￥4,760",7,1
B0HD7N75QV,B0HD7N75QV,【セット品】レノア 煮沸レベル超消臭 抗菌ビーズ 黄ばみブロッカー シトラスホワイト 本体420mL＋詰め替え1410mLセット 香り付けビーズ 洗濯 消臭 抗菌 黄ばみ対策 縦型・ドラム式対応 大容量,495,5,0.03%,0.05%,621,5,0.03%,0.03%,99.82%,100.00%,13,0,2.63%,0.00%,"￥62,740",￥0,7,0
B09229MWMT,B09229MWMT,ペロQ 犬用おやつ スイートポテト味 8個セット (まとめ買い),39,0,0.00%,0.00%,59,0,0.00%,0.00%,62.96%,0.00%,6,0,15.38%,0.00%,"￥7,269",￥0,6,0
B0BV9FG7LH,B0BV9FG7LH,ZENBUWASH 王様戦隊キングオージャー,45,0,0.00%,0.00%,66,0,0.00%,0.00%,100.00%,0.00%,6,0,13.33%,0.00%,"￥4,920",￥0,6,0
B0BY135MQY,B0BY135MQY,マルカン りんご大収穫祭 サクふわフリーズドライ ４５ｇ おやつ 保存料・着色料・砂糖不使用,71,1,0.00%,0.01%,85,1,0.00%,0.01%,34.15%,0.00%,10,0,14.08%,0.00%,"￥9,788",￥0,6,0
B0D21N8B9T,B0D21N8B9T,ロイヤルカナン FHN インドア +7 猫用 400g フィーライン ヘルス ニュートリション ドライ キャットフード チキン味 室内で生活する7歳以上の高齢猫用,33,0,0.00%,0.00%,51,0,0.00%,0.00%,100.00%,0.00%,7,0,21.21%,0.00%,"￥13,014",￥0,6,0
B0D4ZLTH8J,B0D4ZLTH8J,ロイヤルカナン BHN ポメラニアン 成犬～高齢犬用 生後8ヵ月齢以上 ドライ ドックフード（オリジナルおしぼり付き） (1.5kg),19,0,0.00%,0.00%,23,0,0.00%,0.00%,100.00%,0.00%,6,0,31.58%,0.00%,"￥25,280",￥0,6,0
B0DGLWF4P5,B0D6RQT442,ロイヤルカナン FHN インドア ロングヘアー 猫用 4kg キャットフード ドライ（オリジナルおしぼりセット） (4kg),11,0,0.00%,0.00%,14,0,0.00%,0.00%,100.00%,0.00%,8,0,72.73%,0.00%,"￥71,040",￥0,6,0
B0DGQLL9P5,B0DGQKZLC8,ニチドウ Dr.PRO. ドクター・プロ ベビーミルク スーパーIGP 幼犬用 100g (2個),22,0,0.00%,0.00%,27,0,0.00%,0.00%,100.00%,0.00%,6,0,27.27%,0.00%,"￥21,480",￥0,6,0
B0DGQMZG4Y,B0DGQMZG4Y,アース・ペット スタミノール S 食欲がない時に 33g 犬・猫用,87,0,0.01%,0.00%,122,0,0.01%,0.00%,100.00%,0.00%,6,0,6.90%,0.00%,"￥7,080",￥0,6,0
B0DJLXVQSH,B0DJLXVQSH,ロイヤルカナン FHN キトン 子猫用 成長後期の子猫専用フード 生後12ヵ月以下 ドライ キャットフード （オリジナルおしぼり付） (2kg),148,1,0.01%,0.01%,192,1,0.01%,0.01%,32.42%,100.00%,7,0,4.73%,0.00%,"￥38,660",￥0,6,0
B0F5NMZZ18,B0DNTGZPTP,マルカン 半生ソフトフルーツフード 100g 飼鳥用 鳥 おやつ フルーツ (３袋),28,1,0.00%,0.01%,35,1,0.00%,0.01%,100.00%,0.00%,6,0,21.43%,0.00%,"￥8,988",￥0,6,0
B0FL28QWGY,B0FL28QWGY,クーリア シール エターナルジュエリークラウンシール トゥインクルクラウン 01057,245,2,0.02%,0.02%,353,2,0.01%,0.01%,43.43%,50.00%,6,0,2.45%,0.00%,"￥2,940",￥0,6,0
B0FVF8NVDL,B0FVF8NVDL,【詰め替えセット】トゥルースト バイエスフリー酸熱TR (シャンプー ＆ トリートメント) 各400ml ダメージ補修 ヘアケア,36,0,0.00%,0.00%,45,0,0.00%,0.00%,100.00%,0.00%,7,0,19.44%,0.00%,"￥14,004",￥0,6,0
B0H6G5W312,B0H6FVKGND,【セット品】猫専用 おいしい納豆菌 かつお味 ササミ味 80g×2個セット 猫用おやつ 納豆菌配合 腸内環境 サポート 乳酸菌 キャットフード おやつ 猫間食 国産 (2),23,0,0.00%,0.00%,49,0,0.00%,0.00%,100.00%,0.00%,7,0,30.43%,0.00%,"￥14,460",￥0,6,0
B0H7QV7T3Y,B0H7QV7T3Y,【4個セット】柑橘王子 フェイシャルクリアホイップSP 詰め替え 300ml×4個 メンズ 泡洗顔 レフィル 洗顔フォーム 毛穴汚れ 皮脂 テカリ対策 ビタミンC誘導体配合 シトラスの香り 大容量 まとめ買い,32,0,0.00%,0.00%,36,0,0.00%,0.00%,100.00%,0.00%,6,0,18.75%,0.00%,"￥17,270",￥0,6,0
B0DK4YLCP9,B004VK3CH8,ペティオ (Petio) プレシャンテ ダブルラバーブラシ ペット用,199,4,0.01%,0.04%,255,6,0.01%,0.04%,81.51%,100.00%,5,0,2.51%,0.00%,"￥7,190",￥0,5,0
B0FFGDP69T,B06VVJXQX1,アイスノン シャツミスト ミントの香り 300ml,122,3,0.01%,0.03%,142,4,0.01%,0.03%,88.72%,100.00%,9,2,7.38%,66.67%,"￥9,801","￥2,178",5,1
B0H412Z57D,B074QQC44S,ケアセラ(CareCera) APフェイス&ボディ 乳液 200ml (セラミドプラス×8種の天然型セラミド配合),"2,876",17,0.18%,0.16%,"4,309",37,0.18%,0.23%,0.10%,0.00%,6,0,0.21%,0.00%,"￥8,700",￥0,5,0
B07QVDPL2Q,B07QVDPL2Q,ミツエイ WHITE FRAGRANCE MUSK 衣料用 柔軟剤 ムスク ふんわり 静電気防止,643,7,0.04%,0.07%,819,13,0.03%,0.08%,6.43%,0.00%,5,0,0.78%,0.00%,"￥6,180",￥0,5,0
B086YH6X3B,B086YH6X3B,いなば ちゅ~るごはん とりささみ チキンミックス味 20本 犬用おやつ,25,0,0.00%,0.00%,29,0,0.00%,0.00%,100.00%,0.00%,10,0,40.00%,0.00%,"￥15,000",￥0,5,0
B0DHXD4592,B08CBN98HD,着圧レギンス スリムウォーク ビューアクティ (Beau-Acty) スタイルキープ レギンス ブラック M 着圧 レギンス ヨガ スポーツ,464,3,0.03%,0.03%,563,3,0.02%,0.02%,30.63%,0.00%,5,0,1.08%,0.00%,"￥14,240",￥0,5,0
B0GX1C97SW,B08WSHQWL8,肌ラボ 白潤プレミアム 薬用浸透美白クリーム [医薬部外品] 50グラム,"1,828",28,0.12%,0.26%,"2,562",37,0.11%,0.23%,0.17%,0.00%,5,0,0.27%,0.00%,"￥10,050",￥0,5,0
B0CDP1WPDD,B0BCJ1NK3Y,ショーワグローブ【食品衛生法適合】ナイスハンド きれいな手 つかいきりグローブ 天然ゴム 100枚入 M 1函 ホワイト 左右兼用 粉なし,130,5,0.01%,0.05%,202,5,0.01%,0.03%,12.50%,0.00%,9,0,6.92%,0.00%,"￥15,117",￥0,5,0
B0CC8WVVP7,B0CC8WVVP7,ペッツルート 超小型犬・小型犬の散歩用 もっと！虫よけエリアスマイル 120日 Ｓうさぎ ピンク,44,0,0.00%,0.00%,53,0,0.00%,0.00%,90.00%,0.00%,7,0,15.91%,0.00%,"￥15,960",￥0,5,0
B0F3HD7PMH,B0CHYD2HNT,【まとめ買い 大容量】 ソフラン アロマリッチ キャサリン 柔軟剤 本体 480ml+詰め替え 特大950ml フローラルブーケアロマの香り,434,5,0.03%,0.05%,604,6,0.03%,0.04%,14.34%,16.67%,5,0,1.15%,0.00%,"￥6,900",￥0,5,0
B0CKWV1NS8,B0CKWV1NS8,ライオン ソフラン アロマリッチ キャサリン つめかえ用 特大 (950mL) 詰め替え用 柔軟剤,149,3,0.01%,0.03%,184,3,0.01%,0.02%,74.57%,66.67%,6,0,4.03%,0.00%,"￥6,000",￥0,5,0
B0DGLZ2TXR,B0D21Q4LGF,ロイヤルカナン BHN プードル 成犬用 ドッグフード ドライ（オリジナルおしぼり付き） (3kg),8,0,0.00%,0.00%,11,0,0.00%,0.00%,100.00%,0.00%,5,0,62.50%,0.00%,"￥36,800",￥0,5,0
B0D4ZK8VF1,B0D4ZK8VF1,ロイヤルカナン BHN ポメラニアン 成犬～高齢犬用 生後8ヵ月齢以上 ドライ ドックフード（オリジナルおしぼり付き） (800g),71,1,0.00%,0.01%,98,2,0.00%,0.01%,100.00%,0.00%,6,0,8.45%,0.00%,"￥16,680",￥0,5,0
B0DKSKVX6D,B0DKS7KSRB,ドクターズチョイス おいしい納豆菌 ふりかけタイプ 80g (4袋),13,0,0.00%,0.00%,17,0,0.00%,0.00%,100.00%,0.00%,5,0,38.46%,0.00%,"￥19,900",￥0,5,0
B0DPMD2T82,B0DPMD2T82,マルカン ちゅーいんぐかむかむ さつまいも ８枚入り ×3袋セット 犬 おやつ かため ドッグフード,18,0,0.00%,0.00%,23,0,0.00%,0.00%,100.00%,0.00%,9,0,50.00%,0.00%,"￥13,320",￥0,5,0
B0DZ2KQTWY,B0DZ2KQTWY,ペティオ (Petio) 犬猫用マット 防ダニ加工 ふれた瞬間ひんやりマット M,222,3,0.01%,0.03%,300,3,0.01%,0.02%,36.86%,0.00%,6,0,2.70%,0.00%,"￥6,318",￥0,5,0
B0FH715WJ6,B0FH715WJ6,【セット品】ペットライン 懐石 2つのごほうび 4種セット キャットフード ドライ 総合栄養食 国産 小分けタイプ 600g ×4個 アソート バラエティ 大容量 まとめ買い,33,0,0.00%,0.00%,42,0,0.00%,0.00%,100.00%,0.00%,6,0,18.18%,0.00%,"￥27,480",￥0,5,0
B0G488RGW2,B0G488MRHS,クーリア シール スペシャルもっちもちシール ハムハムエンジェル 01195,348,2,0.02%,0.02%,408,2,0.02%,0.01%,59.26%,50.00%,5,1,1.44%,50.00%,"￥3,000",￥600,5,1
B0GSQG9BX9,B0GSQBDVWX,クーリア バインダー マイシールバインダー こびとづかん カクレモモジリ&スモモノウチ 04809,807,4,0.05%,0.04%,"1,067",4,0.04%,0.03%,14.74%,0.00%,5,0,0.62%,0.00%,"￥4,750",￥0,5,0
B0GSQDZB5N,B0GSQC8JP3,クーリア バインダー ボンボンドロップシールバインダーセット マイリボンクローゼット 01225,477,4,0.03%,0.04%,638,4,0.03%,0.03%,15.36%,0.00%,6,0,1.26%,0.00%,"￥9,320",￥0,5,0
B0GSQGJVRH,B0GSQHDKNZ,クーリア シール キラシャカジュエリーシール きらりんエナガマーチ 01210,972,2,0.06%,0.02%,"1,286",5,0.05%,0.03%,7.30%,0.00%,5,0,0.51%,0.00%,"￥2,500",￥0,5,0
B0H5Q8RLQS,B0H5Q8RLQS,ミツエイ シャルム フレグランスムスク 柔軟剤 詰替 800ml オリジナルスパウトパウチ付き 詰め替え シャルムフレグランスムスクの香り 大容量 衣類 ふんわり 消臭 抗菌 静電気防止 部屋干し 柔軟仕上げ,44,0,0.00%,0.00%,64,0,0.00%,0.00%,96.67%,0.00%,11,0,25.00%,0.00%,"￥12,980",￥0,5,0
B0H6FYTPS8,B0H6FSWHXS,【セット品】いなば とろみ 3種アソート 80g×12個セット とりささみ 野菜入り 牛肉入り 犬用 ウェットフード ドッグフード 国産 レトルト ごはん おかず 水分補給 シニア犬 小型犬 まとめ買い (12),27,0,0.00%,0.00%,31,0,0.00%,0.00%,100.00%,0.00%,7,0,25.93%,0.00%,"￥18,060",￥0,5,0
B0H73ZGBR3,B0H73ZGBR3,【まとめ買い】アイスノン 頭を冷やすスプレーGOLD 95g×3個セット 白元アース 冷却スプレー 頭皮用 冷感スプレー 強力クール 暑さ対策 汗対策 通勤 通学 スポーツ 屋外作業 熱中症対策 まとめ買い,71,1,0.00%,0.01%,82,3,0.00%,0.02%,100.00%,100.00%,5,0,7.04%,0.00%,"￥13,300",￥0,5,0
B0H9F4SXZP,B0H9F4SXZP,【セット品】アース製薬 サラテクト 虫よけ 2種セット 大容量400mL 無香料スプレー＋BIGサイズ虫よけシート20枚入 携帯用 蚊 ブヨ アブ マダニ トコジラミ アウトドア キャンプ 防除用医薬部外品,123,1,0.01%,0.01%,147,1,0.01%,0.01%,99.31%,100.00%,5,0,4.07%,0.00%,"￥10,400",￥0,5,0
B00JRNM1DU,B00JRNM1DU,いなばペットフード 焼かつおディナー 子ねこ用 かつお節・ほたて貝柱入り 50g×16コ,146,3,0.01%,0.03%,171,3,0.01%,0.02%,78.53%,100.00%,6,0,4.11%,0.00%,"￥16,680",￥0,4,0
B0BW86WWVP,B073TYS8C7,ファブリーズ W除菌+消臭スプレー 布用 フラワーブロッサム 本体 370mL,117,0,0.01%,0.00%,138,0,0.01%,0.00%,65.41%,0.00%,4,0,3.42%,0.00%,"￥5,600",￥0,4,0
B0GV1R4W1F,B079YPLCVJ,チャオ (CIAO) ちゅ~る まぐろ 贅沢セレクト 14g×20本 猫用おやつ,"4,026",24,0.25%,0.23%,"5,697",36,0.24%,0.23%,1.23%,0.00%,13,0,0.32%,0.00%,"￥9,750",￥0,4,0
B08HSVSK27,B07PJHGNPY,【公式】 コスメテックスローランド ラテボタニカル クレンズジェル 300ml クレンジング ジェル 洗顔 メイク落とし 保湿,360,2,0.02%,0.02%,620,5,0.03%,0.03%,0.53%,0.00%,4,0,1.11%,0.00%,"￥6,400",￥0,4,0
B07VMRWJMH,B07VMRWJMH,ニベア プレミアム ボディミルク ホワイトニング シトラス&ローズの香り 190g 【 うるおって澄みわたる肌に 】 &ltボディ用乳液 > 乾燥肌~普通肌 [医薬部外品],"1,531",16,0.10%,0.15%,"2,225",22,0.09%,0.14%,0.49%,0.00%,4,0,0.26%,0.00%,"￥7,200",￥0,4,0
B0CB459XR2,B0CB459XR2,（まとめ買い）いなばペットフード 焼きミックスちゅ～る和え まぐろ味とえび味 10g×3袋 猫用おやつ 【×20】,50,0,0.00%,0.00%,68,0,0.00%,0.00%,96.77%,0.00%,5,0,10.00%,0.00%,"￥9,900",￥0,4,0
B0CY4TVW1P,B0CY4TVW1P,リセッシュ除菌EX WIDE JET（ワイドジェット）ストロング しぶとい！しみつき５大悪臭に（汗・皮脂臭、調理臭、加齢臭、生乾き臭、ペット臭） 香りが残らないタイプ 本体390ml,879,26,0.06%,0.24%,"1,197",33,0.05%,0.21%,13.00%,12.50%,6,0,0.68%,0.00%,"￥7,900",￥0,4,0
B0DK8FSKVP,B0DJ33JRVV,サンライズ ゴン太の歯磨き専用ガムSSサイズ L8020乳酸菌入り クロロフィル入り 低脂肪 120g 2袋セット(60本),49,1,0.00%,0.01%,57,1,0.00%,0.01%,100.00%,100.00%,4,1,8.16%,100.00%,"￥4,320","￥1,080",4,1
B0DJH135LR,B0DJH135LR,JILL STUART ジルスチュアート ホワイトフローラル オードトワレ ローラーボール 10ml,114,1,0.01%,0.01%,138,1,0.01%,0.01%,39.10%,0.00%,4,0,3.51%,0.00%,"￥10,280",￥0,4,0
B0DKSKVX6D,B0DKSPG7VK,ドクターズチョイス おいしい納豆菌 ふりかけタイプ 80g (5袋),19,0,0.00%,0.00%,21,0,0.00%,0.00%,89.47%,0.00%,5,0,26.32%,0.00%,"￥25,100",￥0,4,0
B0DNTFK76H,B0DNTFK76H, ,60,1,0.00%,0.01%,82,1,0.00%,0.01%,95.77%,100.00%,4,0,6.67%,0.00%,"￥8,320",￥0,4,0
B0FZRGY38H,B0F2HPB231,わんわん チョイあげ 国産 13種 バラエティセット アソート 犬用 おやつ,36,0,0.00%,0.00%,41,0,0.00%,0.00%,100.00%,0.00%,4,0,11.11%,0.00%,"￥8,792",￥0,4,0
B0FM3PZ2SB,B0FL2D7M2S,クーリア シール エターナルジュエリークラウンシール フェアリーブルーコア 01056,526,0,0.03%,0.00%,636,0,0.03%,0.00%,26.57%,0.00%,4,0,0.76%,0.00%,"￥1,980",￥0,4,0
B0FW4L9MB7,B0FW4NJ43B,クーリア シール ボンボンドロップシール ミニ しずくちゃん しずくの森のなかまたち 04285,725,2,0.05%,0.02%,980,3,0.04%,0.02%,0.11%,0.00%,4,0,0.55%,0.00%,"￥6,280",￥0,4,0
B0GXN9DY7W,B0GXN9DY7W,サンライズ ゴン太の歯磨き専用ガムSSサイズ L8020乳酸菌入り クロロフィル入り 120g 3袋セット,38,0,0.00%,0.00%,45,0,0.00%,0.00%,100.00%,0.00%,4,0,10.53%,0.00%,"￥5,120",￥0,4,0
B0H2VXSDD1,B0H2VXSDD1,【まとめ買い】Bioré ビオレ 冷タオル 無香性 5本入×4セット 計20本 ＋ オリジナルスパウトパウチ付き 冷感タオル 個包装 大容量 汗拭きシート クールタオル 暑さ対策 熱中症対策 スポーツ 通勤 通学 レジャー (20本),36,2,0.00%,0.02%,43,2,0.00%,0.01%,100.00%,100.00%,10,5,27.78%,250.00%,"￥28,000","￥13,900",4,1
B0HG1T7VG8,B0HG1T7VG8,【セット品】レノア 煮沸レベル超消臭 抗菌ビーズ FRESH おひさまフローラルの香り 本体400mL＋詰め替え990mL セット 衣類用 消臭ビーズ 防カビ P&G,119,1,0.01%,0.01%,148,1,0.01%,0.01%,99.28%,100.00%,5,0,4.20%,0.00%,"￥19,900",￥0,4,0
B01DLX3HSO,B01DLX3HSO,焼ささみディナー パウチ かにかま・ほたて貝柱入り 50g×16コ,229,1,0.01%,0.01%,332,1,0.01%,0.01%,22.54%,100.00%,3,0,1.31%,0.00%,"￥8,971",￥0,3,0
B0CCZ43HJJ,B01NCX79TA,ショーワグローブ(Showaglove) ニトリスト・スーパーロング 40cmロング NO.887 パウダーフリー 左右兼用50枚　厚さ0.15mm ブルー Ｍサイズ,"1,391",54,0.09%,0.51%,"1,759",73,0.07%,0.46%,6.24%,3.08%,3,1,0.22%,1.85%,"￥14,529","￥4,843",3,1
B06XSS5CK7,B06XSS5CK7,デ・オウ　薬用プロテクトデオジャム × 10個セット,80,0,0.01%,0.00%,100,0,0.00%,0.00%,60.87%,0.00%,3,0,3.75%,0.00%,"￥19,254",￥0,3,0
B0BX94HGY2,B07QLXGTY9,ファブリーズ 消臭芳香剤 トイレ用 ブルー・シャボン 6mL×2個,111,5,0.01%,0.05%,129,8,0.01%,0.05%,51.61%,85.71%,4,1,3.60%,20.00%,"￥5,396","￥1,349",3,1
B0F2J24Y1R,B09C7LPC7M,肌ラボ 極潤 薬用ハリ化粧水 エイジングケア 【医薬部外品】 無香料 170ml,770,9,0.05%,0.08%,"1,102",12,0.05%,0.08%,0.50%,0.00%,4,0,0.52%,0.00%,"￥5,600",￥0,3,0
B0CV7PJ7YP,B0BX2C1YFR,ゴミ袋 取っ手付き ポリ袋 LLサイズ 300枚 乳白 縦53cm×横29.5cm マチ14.5cm 取り出しやすい コンパクト 収納 ごみ袋,45,6,0.00%,0.06%,111,12,0.00%,0.08%,19.80%,25.00%,3,1,6.67%,16.67%,"￥8,940","￥2,980",3,1
B0CB648B93,B0CB648B93,ファブリーズ 消臭芳香剤 消臭+抗菌 トイレ用 フルーティ・クラシック・ブーケ 6.3mLｘ2個,208,5,0.01%,0.05%,261,6,0.01%,0.04%,21.79%,100.00%,3,0,1.44%,0.00%,"￥4,560",￥0,3,0
B0H3KR3XH9,B0CH9ZH48V,糸ようじ 小林製薬の スルッと入るタイプ Y字型 狭い歯間にも入りやすい フロス&ピック デンタルフロス 大容量 32本入 小林製薬,646,13,0.04%,0.12%,931,24,0.04%,0.15%,0.12%,0.00%,3,0,0.46%,0.00%,"￥2,370",￥0,3,0
B0CWG8S8Y8,B0CWG8S8Y8,肌ラボ 白潤 薬用美白化粧水 しっとり 大容量ポンプ 400ml,"2,215",7,0.14%,0.07%,"3,125",13,0.13%,0.08%,0.11%,0.00%,3,0,0.14%,0.00%,"￥6,077",￥0,3,0
B0D1BM6NH4,B0D1BM6NH4,ナチュラルペットフーズ エクセル カルシウム 220g 3袋 鳥用 シード食 小鳥 栄養補助食 ボレー粉,12,0,0.00%,0.00%,16,0,0.00%,0.00%,92.86%,0.00%,4,0,33.33%,0.00%,"￥5,720",￥0,3,0
B0D6GCKFCP,B0D6GCKFCP,GOAT'S MILK ゴートミルク ソープ 6個セット スイートベビーパウダーの香り 固形せっけん石鹸,"1,105",3,0.07%,0.03%,"1,466",5,0.06%,0.03%,3.37%,0.00%,4,0,0.36%,0.00%,"￥3,720",￥0,3,0
B0DGY23B6S,B0DGY23B6S,アース・ペット スタミノールV 100g ×2本セット 犬 サプリ,28,0,0.00%,0.00%,45,0,0.00%,0.00%,93.02%,0.00%,3,0,10.71%,0.00%,"￥10,340",￥0,3,0
B0DGY2R4L4,B0DGY2R4L4,アース・ペット 猫スタミノール 毛玉ケア 50g ×2本セット 猫用 サプリ,50,1,0.00%,0.01%,61,1,0.00%,0.01%,89.66%,100.00%,3,0,6.00%,0.00%,"￥5,940",￥0,3,0
B0FCY4XT2J,B0DNT6RSPJ,【セット品】日本ペットフード バーディー うずらフード １ｋｇ 鳥 フード 餌 えさ 種 穀類 (２袋),22,0,0.00%,0.00%,23,0,0.00%,0.00%,100.00%,0.00%,4,0,18.18%,0.00%,"￥7,920",￥0,3,0
B0FZQTSZGJ,B0DPMJDJBR,【まとめ買い】 NEO(ネオ) ドッグスターNEO ササミ巻きクッキー チーズ 8本入 犬 犬用 おやつ (3袋),15,0,0.00%,0.00%,19,0,0.00%,0.00%,100.00%,0.00%,3,0,20.00%,0.00%,"￥5,667",￥0,3,0
B0DQ85XG66,B0DQ85XG66,サンライズ ゴン太の歯磨き専用ガムSSサイズ L8020乳酸菌入り ブルーベリー味 120g 3袋セット 犬用,39,1,0.00%,0.01%,49,1,0.00%,0.01%,100.00%,100.00%,3,0,7.69%,0.00%,"￥3,840",￥0,3,0
B0DQ889RZT,B0DQ889RZT,デビフ おすわりくん 超小粒 ササミ ７５ｇ ×４袋セット 犬用 おやつ,22,0,0.00%,0.00%,30,0,0.00%,0.00%,100.00%,0.00%,3,0,13.64%,0.00%,"￥3,849",￥0,3,0
B0F2SN45YZ,B0F2SN45YZ,ペッツルート (Petz Route) もっと虫よけ エリアスマイル 70日 S うさぎ 超小型犬・小型犬の散歩用,32,2,0.00%,0.02%,41,2,0.00%,0.01%,83.78%,100.00%,3,0,9.38%,0.00%,"￥3,546",￥0,3,0
B0FJ2HVBTL,B0FJ2HVBTL,【セット品】 わんわん チョイめし シリーズ 人気5種 80g X10 犬用 ドックフード おやつ アソート お試し 国産,25,0,0.00%,0.00%,34,0,0.00%,0.00%,100.00%,0.00%,3,0,12.00%,0.00%,"￥4,485",￥0,3,0
B0FM44VB6Z,B0FL25CNBG,クーリア シールバインダー とうめいシールバインダー ホワイト 01064,"1,691",2,0.11%,0.02%,"2,572",4,0.11%,0.03%,2.08%,0.00%,3,0,0.18%,0.00%,"￥3,420",￥0,3,0
B0FW4L9MB7,B0FW4HY82L,クーリア シール ボンボンドロップシール ミニ しずくちゃん みるみるちゃん 04284,389,1,0.02%,0.01%,538,1,0.02%,0.01%,1.55%,0.00%,3,0,0.77%,0.00%,"￥4,500",￥0,3,0
B0FXG1TTTC,B0FXG1TTTC,【セット品】ペティオ (Petio) ハッピークリーン 本体 300ml 詰め替え 250ml 犬・猫ペット臭さ 消臭&除菌EX 除菌スプレー 消臭スプレー,32,0,0.00%,0.00%,43,0,0.00%,0.00%,100.00%,0.00%,3,0,9.38%,0.00%,"￥3,840",￥0,3,0
B0FZ3Y7QNM,B0FZ3Y7QNM,リポソームショット クレンジングブースター 180ml シャンプー前の頭皮ケア,108,1,0.01%,0.01%,137,1,0.01%,0.01%,41.54%,100.00%,4,0,3.70%,0.00%,"￥4,476",￥0,3,0
B0G488RGW2,B0G48D3D95,クーリア シール スペシャルもっちもちシール パクっとモグモグフード 01194,354,1,0.02%,0.01%,460,1,0.02%,0.01%,39.86%,0.00%,3,0,0.85%,0.00%,"￥1,953",￥0,3,0
B0GSQG9BX9,B0GSQ9KN3R,クーリア バインダー マイシールバインダー こびとづかん 集合 04810,777,1,0.05%,0.01%,"1,048",1,0.04%,0.01%,5.77%,0.00%,3,0,0.39%,0.00%,"￥2,950",￥0,3,0
B0GSQGD2Z6,B0GSQHT9VX,クーリア シール ボンボンドロップシール うぃっしゅボンボン 01214,"12,119",55,0.76%,0.52%,"14,698",66,0.61%,0.42%,4.74%,9.62%,3,0,0.02%,0.00%,"￥2,850",￥0,3,0
B0H6LVWN9W,B0H6LVWN9W,【セット品】ニベア クレンジングオイル 本体195ml＋つめかえ170ml セット メイク落とし W洗顔不要 濡れた手OK 毛穴 角栓 黒ずみ ウォータープルーフ対応 ビューティースキン NIVEA 花王,27,0,0.00%,0.00%,30,0,0.00%,0.00%,100.00%,0.00%,3,0,11.11%,0.00%,"￥7,440",￥0,3,0
B0H7LCTPH8,B0H7LCTPH8,カビキラー 防カビジェル お試しセット 本体＋つけかえ2個 やさしいフローラル 約6週間持続 浴室用 防カビ剤 黒カビ予防 お風呂に置くだけ ジェルタイプ 簡単防カビ バス用品 まとめ買い,50,0,0.00%,0.00%,69,0,0.00%,0.00%,100.00%,0.00%,3,0,6.00%,0.00%,"￥4,440",￥0,3,0
B0HGY7NBDJ,B0HGY7NBDJ,【セット品】P&G ファブリーズ レノアハピネスミスト おやすみラベンダーブレンド 本体370mL＋詰替1240mL セット 消臭 除菌 衣類・布製品用 5つ星ホテル推奨の香り 大容量,36,1,0.00%,0.01%,43,1,0.00%,0.01%,100.00%,0.00%,3,0,8.33%,0.00%,"￥7,440",￥0,3,0
B002JTHWCO,B002JTHWCO,ユニ・チャーム エルディ フィンガーレギュラー(60コ入),657,5,0.04%,0.05%,"1,048",5,0.04%,0.03%,3.86%,0.00%,2,0,0.30%,0.00%,"￥5,960",￥0,2,0
B00764ROYI,B00764ROYI,Intex Underwater Play Sticks,19,0,0.00%,0.00%,27,0,0.00%,0.00%,100.00%,0.00%,2,0,10.53%,0.00%,"￥3,080",￥0,2,0
B00K7VI88I,B00ESQT8U0,PT-201YG20,18,0,0.00%,0.00%,23,0,0.00%,0.00%,0.00%,0.00%,3,0,16.67%,0.00%,"￥8,419",￥0,2,0
B00GSLW9FO,B00GSLW9FO,日本カルシウム工業 パワー水素水 1本入,17,1,0.00%,0.01%,19,1,0.00%,0.01%,88.24%,100.00%,2,0,11.76%,0.00%,"￥4,960",￥0,2,0
B0DK4ZC16Z,B00IHQIS9Y,ペティオ (Petio) プレシャンテ ネイルカッター ストッパー付 犬用,53,1,0.00%,0.01%,71,1,0.00%,0.01%,33.85%,0.00%,2,0,3.77%,0.00%,"￥2,560",￥0,2,0
B01B21BACW,B01B21BACW,猫専用 おいしい納豆菌 かつお味 幼猫～高齢猫用 ふりかけ 80g,38,1,0.00%,0.01%,49,1,0.00%,0.01%,87.23%,100.00%,2,0,5.26%,0.00%,"￥2,578",￥0,2,0
B01LXSDHMM,B01LXSDHMM,いなば CIAO(チャオ) 焼かつおディナー 高齢猫用ほたて貝柱入り 50g×16袋【まとめ買い】,104,2,0.01%,0.02%,136,2,0.01%,0.01%,35.71%,0.00%,2,0,1.92%,0.00%,"￥5,926",￥0,2,0
B08C1CSYJK,B074GY15HH,肌ラボ 極潤 ヒアルロン酸 化粧水 ヒアルロン酸3種配合 詰替用 170ml,239,1,0.02%,0.01%,311,1,0.01%,0.01%,0.35%,0.00%,2,0,0.84%,0.00%,"￥1,700",￥0,2,0
B08F5BDMFL,B08F5BDMFL,リッツ リバイバル うるおい玉 EGF フリーズドライ 美容液 無添加 無香料 6回分 エイジングケア,87,0,0.01%,0.00%,103,0,0.00%,0.00%,53.19%,0.00%,4,0,4.60%,0.00%,"￥4,400",￥0,2,0
B08WS9L34F,B08WS9L34F,肌ラボ 白潤プレミアム 薬用浸透美白乳液 [医薬部外品] 140ミリリットル (x 1),605,6,0.04%,0.06%,821,10,0.03%,0.06%,0.27%,0.00%,2,0,0.33%,0.00%,"￥2,900",￥0,2,0
B0DKX9B2TS,B08XBHLDW9,ペティオ (Petio)犬用食器 Porta 木目調 陶器食器 S,29,1,0.00%,0.01%,36,1,0.00%,0.01%,85.29%,100.00%,2,0,6.90%,0.00%,"￥1,284",￥0,2,0
B091KJ4L35,B091KJ4L35,ペロQ スイートポテト お得な24本セット おまけおにぎりペン付きセット,5,0,0.00%,0.00%,5,0,0.00%,0.00%,100.00%,0.00%,2,0,40.00%,0.00%,"￥7,560",￥0,2,0
B0GXJRJH1W,B09C7NHGQM,肌ラボ 極潤 薬用ハリクリーム 【医薬部外品】 無香料 50 グラム,358,8,0.02%,0.08%,543,13,0.02%,0.08%,0.42%,0.00%,3,0,0.84%,0.00%,"￥5,700",￥0,2,0
B09C86L9JT,B09C86L9JT,肌ラボ 極潤 ハリパーフェクトゲル 高機能オールインワン 無香料 100 グラム 【医薬部外品】,"9,789",61,0.62%,0.57%,"14,766",93,0.61%,0.59%,0.01%,0.00%,2,1,0.02%,1.64%,"￥3,522","￥1,835",2,1
B09SKZJLCB,B09LQP2343,熱冷却シート 大人・子供兼用 16枚入,631,11,0.04%,0.10%,947,13,0.04%,0.08%,0.12%,0.00%,2,0,0.32%,0.00%,"￥1,924",￥0,2,0
B0CDP1WPDD,B0BCGZP3JN,ショーワグローブ【食品衛生法適合】ナイスハンド きれいな手 つかいきりグローブ 天然ゴム 100枚入 L 1函 ホワイト 左右兼用 粉なし,170,13,0.01%,0.12%,222,15,0.01%,0.10%,20.00%,13.33%,2,0,1.18%,0.00%,"￥3,204",￥0,2,0
B0BLY4DVK7,B0BLXZ3CSD,コスメテックスローランド エアリー&イージー グロッシーヘアワックス100g×2個,167,1,0.01%,0.01%,224,1,0.01%,0.01%,76.35%,100.00%,2,0,1.20%,0.00%,"￥3,900",￥0,2,0
B0CWL9YQ9R,B0CWL9YQ9R,アタックZERO アタック液体史上 最高の清潔力。無菌レベルの消臭力 部屋干し ワンハンドタイプ,377,9,0.02%,0.08%,478,17,0.02%,0.11%,1.12%,16.67%,3,2,0.80%,22.22%,"￥2,667","￥1,778",2,1
B0CWY16P9Q,B0CWY16P9Q,ロイヤルカナン ステアライズド 避妊・去勢 成猫用 生後12ヵ月齢以上 400g 猫用 (オリジナルおしぼり付),20,0,0.00%,0.00%,27,0,0.00%,0.00%,100.00%,0.00%,4,0,20.00%,0.00%,"￥6,792",￥0,2,0
B0D6RBGR2D,B0CXJHK4WN,ペティオ (Petio) 犬猫用マット 電気を使わない アルミ＆ジェル ソフトクールマット 2L,49,0,0.00%,0.00%,56,0,0.00%,0.00%,87.50%,0.00%,2,0,4.08%,0.00%,"￥3,960",￥0,2,0
B0DGLWF4P5,B0D226Y7VQ,ロイヤルカナン FHN インドア ロングヘアー 猫用 キャットフード ドライ（オリジナルおしぼりセット） (400g),15,0,0.00%,0.00%,18,0,0.00%,0.00%,100.00%,0.00%,2,0,13.33%,0.00%,"￥3,396",￥0,2,0
B0H6FX6L1H,B0D318NKLR,U574,297,1,0.02%,0.01%,366,1,0.02%,0.01%,98.06%,0.00%,2,0,0.67%,0.00%,"￥19,998",￥0,2,0
B0D4DPY659,B0D4DPY659,ペッツルート もっと虫よけエリアスマイル 60日M こあら,9,0,0.00%,0.00%,17,0,0.00%,0.00%,85.71%,0.00%,2,0,22.22%,0.00%,"￥2,100",￥0,2,0
B0D4VCHF7T,B0D4VCHF7T,レノア ハピネス 夢ふわタッチ 柔軟剤 アンティークローズ 本体 ディズニーコラボデザイン 400mL,51,0,0.00%,0.00%,71,0,0.00%,0.00%,50.77%,0.00%,3,0,5.88%,0.00%,"￥3,597",￥0,2,0
B0DKSKVX6D,B0DKSRRB5W,ドクターズチョイス おいしい納豆菌 ふりかけタイプ 80g (3袋),15,0,0.00%,0.00%,23,0,0.00%,0.00%,100.00%,0.00%,2,0,13.33%,0.00%,"￥6,360",￥0,2,0
B0DKSGNRCF,B0DKSVB9B5,ドクターズチョイス ゴートミルク(ヤギミルク) 犬猫用みるく 120g ×4袋（オリジナルおしぼり付き） (4袋),10,0,0.00%,0.00%,12,0,0.00%,0.00%,100.00%,0.00%,3,0,30.00%,0.00%,"￥20,940",￥0,2,0
B0DNTLK9V1,B0DNTLK9V1,【セット品】イースター インコセレクション トータルペレット 300グラム (x 2) インコ 餌 主食,39,1,0.00%,0.01%,58,1,0.00%,0.01%,100.00%,100.00%,2,0,5.13%,0.00%,"￥4,760",￥0,2,0
B0DZ2K7LCD,B0DZ2K7LCD,ペティオ (Petio) 犬猫用マット 防ダニ加工 ふれた瞬間ひんやりマット L,43,0,0.00%,0.00%,65,0,0.00%,0.00%,54.55%,0.00%,4,0,9.30%,0.00%,"￥5,520",￥0,2,0
B0F2FPD2TD,B0F2FPD2TD,（まとめ買い）ドギーマン 無添加良品 アキレススティック 100g 犬用おやつ 【×3】,85,4,0.01%,0.04%,97,6,0.00%,0.04%,57.45%,0.00%,2,0,2.35%,0.00%,"￥9,960",￥0,2,0
B0GYFZ82W3,B0F6XTGTGP,きんだい(Kindai) ウェットタオル 冷ひやネックタオル 56×20cm 50本入り 日本製 大判 防災 使い捨て 個包装 暑さ対策 熱中症 407514,"10,185",672,0.64%,6.33%,"15,894","1,152",0.66%,7.30%,0.00%,0.00%,2,0,0.02%,0.00%,"￥5,800",￥0,2,0
B0FCB8NRRT,B0FCB8NRRT,【5種セット】いなば トッパーまぜて ちゅ~るボール (10g×3袋) 合計5袋セット 犬用 おやつ トッパー ドックフード アソート バラエティ,13,0,0.00%,0.00%,13,0,0.00%,0.00%,100.00%,0.00%,3,0,23.08%,0.00%,"￥4,440",￥0,2,0
B0FW4L9MB7,B0FW4HK2PT,クーリア シール ボンボンドロップシール ミニ しずくちゃん うるおいちゃん 04283,440,2,0.03%,0.02%,686,2,0.03%,0.01%,0.60%,0.00%,2,0,0.45%,0.00%,"￥3,000",￥0,2,0
B0G19XDTSM,B0G19XDTSM,【60枚セット】 使い捨て 貼る カイロ ぽかぽか家族 レギュラー 60枚 (10枚×6セット) 12時間持続 備蓄 防寒 寒さ対策 冬 通勤通学 レジャー スポーツ観戦 防災,49,1,0.00%,0.01%,66,2,0.00%,0.01%,100.00%,0.00%,2,0,4.08%,0.00%,"￥5,560",￥0,2,0
B0GSQDZB5N,B0GSQ2Q1RY,クーリア バインダー ボンボンドロップシールバインダーセット ナイトミャウ 01224,587,7,0.04%,0.07%,773,11,0.03%,0.07%,18.77%,0.00%,2,0,0.34%,0.00%,"￥3,266",￥0,2,0
B0GSQG9BX9,B0GSQJBZ71,クーリア バインダー マイシールバインダー こびとづかん カクレモモジリチラシ 04808,779,2,0.05%,0.02%,"1,075",3,0.04%,0.02%,5.40%,0.00%,2,0,0.26%,0.00%,"￥1,900",￥0,2,0
B0GTNG6XZR,B0GTN92Y74,クーリア バインダー キラキラシールバインダー デイジー 01281,489,0,0.03%,0.00%,741,0,0.03%,0.00%,3.20%,0.00%,2,0,0.41%,0.00%,"￥1,188",￥0,2,0
B0GTNG6XZR,B0GTN9B64K,クーリア バインダー キラキラシールバインダー リボンA 01278,805,0,0.05%,0.00%,"1,422",0,0.06%,0.00%,3.31%,0.00%,2,0,0.25%,0.00%,"￥1,188",￥0,2,0
B0GXMTZGHS,B0GXN9CDT3, ,16,0,0.00%,0.00%,19,0,0.00%,0.00%,94.74%,0.00%,2,0,12.50%,0.00%,"￥1,998",￥0,2,0
B0H6FYTPS8,B0H6FMF7TC,【セット品】いなば とろみ 3種アソート 80g×6個セット とりささみ 野菜入り 牛肉入り 犬用 ウェットフード ドッグフード 国産 レトルト ごはん おかず 水分補給 シニア犬 小型犬 まとめ買い (6),23,0,0.00%,0.00%,27,0,0.00%,0.00%,100.00%,0.00%,2,0,8.70%,0.00%,"￥2,760",￥0,2,0
B0H6LFFH5G,B0H6LFFH5G,【5本セット】消臭元 トイレのスプレー パルファムブラン 280ml×5本 オリジナルスパウトパウチ付き トイレ用 消臭スプレー 消臭 芳香剤 瞬間消臭 ホワイトフローラル まとめ買い 小林製薬,87,4,0.01%,0.04%,116,4,0.00%,0.03%,100.00%,100.00%,2,0,2.30%,0.00%,"￥5,160",￥0,2,0
B0H7PDPRHH,B0H7PDPRHH,【4個セット】小林製薬 糸ようじ コンパクトヘッド フロス&ピック 60本入 計240本 デンタルフロス 歯間ブラシ ピック 歯垢除去 コンパクトヘッド 奥歯 歯間ケア 毎日のオーラルケア まとめ買い,53,0,0.00%,0.00%,64,0,0.00%,0.00%,100.00%,0.00%,5,0,9.43%,0.00%,"￥14,900",￥0,2,0
B0HBSVXZ7C,B0HBSVXZ7C,【セット品】クーリア もっちもちシール 6種セット クラウドポップタイム・えながのおいしいごはん・おやすみバニー・なかよしうみあにまる・ゆるかふぇびより・ふわふわぽっぷ デコレーションシール ぷっくりシール まとめ買い,242,1,0.02%,0.01%,312,1,0.01%,0.01%,100.00%,100.00%,2,0,0.83%,0.00%,"￥3,960",￥0,2,0
B0HG5QSD5D,B0HG5QSD5D,【セット品】トップ クリアリキッド 抗菌 本体 840g＋超特大 つめかえ用 1420g セット 洗濯洗剤 液体洗剤 100時間抗菌 微香性 フレッシュフローラル すすぎ1回対応 部屋干し 合計2260g,28,0,0.00%,0.00%,37,0,0.00%,0.00%,100.00%,0.00%,2,0,7.14%,0.00%,"￥3,960",￥0,2,0
B000FQORGW,B000FQORGW,柳屋ヘアリキッド微香性シトラス240ml,503,10,0.03%,0.09%,828,18,0.03%,0.11%,0.00%,0.00%,1,0,0.20%,0.00%,"￥1,800",￥0,1,0
B000FQORYY,B000FQORYY,J スーパーハードジェル330g,76,0,0.00%,0.00%,111,0,0.00%,0.00%,30.21%,0.00%,1,0,1.32%,0.00%,"￥1,000",￥0,1,0
B079NJRBN3,B004KCX1BY,いなば とろみ とりささみ 80g 48個セット,11,0,0.00%,0.00%,13,0,0.00%,0.00%,84.62%,0.00%,1,0,9.09%,0.00%,"￥6,138",￥0,1,0
B0DB26NNNR,B009KHWMDM,ショーワグローブ(Showaglove) 【ニトリル手袋・使いきり手袋】No.882 ニトリスト・タッチ 100枚入 ブルー Mサイズ 1函 左右兼用 食品衛生法適合 パウダーフリー ラテックスフリー,"6,209",345,0.39%,3.25%,"8,515",482,0.35%,3.05%,0.66%,0.91%,1,0,0.02%,0.00%,"￥1,300",￥0,1,0
B009T2J9NY,B009T2J9NY,天然温泉の素 美肌の湯 （30g×2個入）×3袋セット,20,0,0.00%,0.00%,32,0,0.00%,0.00%,92.59%,0.00%,1,0,5.00%,0.00%,"￥1,099",￥0,1,0
B00XTAQGZG,B00XTAQGZG,アース製薬 サラテクト 無香料 400ml 3本セット 【防除用医薬部外品】 蚊 虫除けスプレー 大型 大容量,195,47,0.01%,0.44%,252,65,0.01%,0.41%,0.00%,0.00%,2,2,1.03%,4.26%,"￥6,860","￥6,860",1,1
B073DXFR9B,B073DXFR9B,(白元アース)アイスノン シャツミスト ミントの香り 大容量 300ml（お買い得2個セット）,5,0,0.00%,0.00%,5,0,0.00%,0.00%,80.00%,0.00%,1,0,20.00%,0.00%,"￥1,881",￥0,1,0
B074GY15HN,B074GY15HN,肌ラボ 極潤 ヒアルロン酸 化粧水 ヒアルロン酸3種配合 大容量ポンプタイプ 400ml,207,4,0.01%,0.04%,329,5,0.01%,0.03%,0.65%,0.00%,1,1,0.48%,25.00%,"￥1,950","￥1,950",1,1
B07K6SWJCM,B07GVMH1BB,アドメイト (ADD. MATE) リールリードアドバンス Mサイズ ブルー,10,0,0.00%,0.00%,17,0,0.00%,0.00%,100.00%,0.00%,1,0,10.00%,0.00%,￥999,￥0,1,0
B07NWV228X,B07L3SYZ5M,メイベリン リップ シャインコンパルジョン SPK21 チェリーピンク ツヤ,103,0,0.01%,0.00%,132,0,0.01%,0.00%,21.88%,0.00%,5,0,4.85%,0.00%,"￥6,000",￥0,1,0
B09KV6GLWG,B07YC7GS5K,ヤーマン 洗顔ブラシ ミーゼ mysé クレンズリフト ピンク MS70P,348,2,0.02%,0.02%,483,4,0.02%,0.03%,28.17%,100.00%,1,0,0.29%,0.00%,"￥10,200",￥0,1,0
B08HSVSK27,B08HSY677V,ラテボタニカル クレンズジェル 300ml×5個,138,3,0.01%,0.03%,211,3,0.01%,0.02%,42.50%,0.00%,1,0,0.72%,0.00%,"￥6,117",￥0,1,0
B08X2H18TS,B08X2H18TS,[BANDAI] 鬼滅の刃 DX日輪刀 ~胡蝶しのぶ~,326,0,0.02%,0.00%,449,0,0.02%,0.00%,0.00%,0.00%,1,0,0.31%,0.00%,"￥1,780",￥0,1,0
B0G7FL945C,B08XY8NHV4,ハミング消臭実感 ローズガーデンの香り 詰め替え 400ml,23,2,0.00%,0.02%,36,2,0.00%,0.01%,25.00%,0.00%,1,0,4.35%,0.00%,"￥1,680",￥0,1,0
B09CCJ41XF,B09CCJ41XF,【セット販売】銀のスプーン にっぽんSelect とろリッチ 2種のアソート 焼津産まぐろ節使用＆枕崎産かつお節使用（6g×8本）×5コ,14,0,0.00%,0.00%,19,0,0.00%,0.00%,100.00%,0.00%,2,0,14.29%,0.00%,"￥2,396",￥0,1,0
B09SKZJLCB,B09SKW71Z7,熱冷却シート 大人・子供兼用 16枚入×5個,35,0,0.00%,0.00%,42,0,0.00%,0.00%,28.57%,0.00%,1,0,2.86%,0.00%,"￥2,300",￥0,1,0
B09V2K6W2V,B09V2K6W2V,いなば ちゅ~る 軟骨・野菜バラエティ 20本 総合栄養食 犬用おやつ,2,0,0.00%,0.00%,2,0,0.00%,0.00%,50.00%,0.00%,4,0,200.00%,0.00%,"￥3,996",￥0,1,0
B09XXSMK31,B09XXSMK31,デビフ 鶏肉&さつまいも 150g×3個 【まとめ買い】150グラム (x 3),94,0,0.01%,0.00%,94,0,0.00%,0.00%,95.74%,0.00%,1,0,1.06%,0.00%,"￥1,319",￥0,1,0
B09Z2V4W29,B09Z2V4W29,アース・バイオケミカル スタミノール 子いぬ・子ねこ用 100g,179,2,0.01%,0.02%,276,13,0.01%,0.08%,11.86%,0.00%,1,0,0.56%,0.00%,"￥1,750",￥0,1,0
B09ZB57CVL,B09ZB57CVL,クマさんのジェルクッション L,8,0,0.00%,0.00%,11,0,0.00%,0.00%,70.00%,0.00%,2,0,25.00%,0.00%,"￥2,360",￥0,1,0
B0B2WL6S54,B0B1Q2C578,ドギーマン ウッディースタイル くつろぎドッグベッド,110,0,0.01%,0.00%,137,0,0.01%,0.00%,18.38%,0.00%,1,0,0.91%,0.00%,"￥4,700",￥0,1,0
B0BJTKTP1S,B0BJTKTP1S,抗菌セレブにゃんこ毛布,15,0,0.00%,0.00%,25,0,0.00%,0.00%,86.36%,0.00%,1,0,6.67%,0.00%,"￥1,468",￥0,1,0
B0BX2RL7ZX,B0BX2RL7ZX,ペティオ (Petio) 猫用おもちゃ とぎぐるみ 組み替えられるハニワポール,31,0,0.00%,0.00%,36,0,0.00%,0.00%,52.94%,0.00%,1,0,3.23%,0.00%,"￥1,480",￥0,1,0
B0CV7PJ7YP,B0BX5LW4RD,ゴミ袋 取っ手付き ポリ袋 LLサイズ 300枚×6個セット 乳白 縦53cm×横29.5cm マチ14.5cm 取り出しやすい コンパクト 収納 ごみ袋,10,1,0.00%,0.01%,21,1,0.00%,0.01%,100.00%,100.00%,1,0,10.00%,0.00%,"￥9,980",￥0,1,0
B0BXBPLT8T,B0BXBPLT8T,ソフラン エアリス プールサイド (ネモフィラ＆ウォーターリリーの香り) 柔軟剤 本体 480ml 1,431,5,0.03%,0.05%,554,6,0.02%,0.04%,1.55%,0.00%,1,0,0.23%,0.00%,"￥1,061",￥0,1,0
B0BXBQ71WB,B0BXBQ71WB,ソフラン エアリス LION ライオン ソフランエアリス バルコニー 本体 480ml,655,7,0.04%,0.07%,878,7,0.04%,0.04%,0.12%,0.00%,1,0,0.15%,0.00%,"￥1,150",￥0,1,0
B0C2BV491C,B0C2BV491C,いなば ちゅ~る 水分補給 とりささみ ビーフミックス味 20本 犬用おやつ,78,2,0.00%,0.02%,118,2,0.00%,0.01%,0.00%,0.00%,1,0,1.28%,0.00%,"￥1,538",￥0,1,0
B0C2P37K82,B0C2P37K82,Earth Pharmaceutical アース製薬 イヤな虫 ゼロデナイト 6～8畳用x2本,677,19,0.04%,0.18%,950,27,0.04%,0.17%,0.23%,11.76%,1,1,0.15%,5.26%,"￥3,180","￥3,180",1,1
B0F8W5CCFD,B0C57Y8QC8,フィリップス 電動シェーバー 7000シリーズ 密着して剃れる,"2,935",15,0.18%,0.14%,"4,231",24,0.18%,0.15%,0.00%,0.00%,1,0,0.03%,0.00%,"￥23,200",￥0,1,0
B0H412Z57D,B0CC5JWFMK,ケアセラ(CareCera) APフェイス&ボディ乳液 大容量本体 400ml (セラミドプラス×7種の天然型セラミド配合),"36,600",141,2.31%,1.33%,"50,016",178,2.08%,1.13%,0.00%,0.00%,1,0,0.00%,0.00%,"￥1,835",￥0,1,0
B0CHVNF9PJ,B0CHVNF9PJ,ables(アブレス) 猫ハウス キャットハウス secret base ベーカリーバッグ 爪とぎ付き,0,0,0.00%,0.00%,0,0,0.00%,0.00%,0.00%,0.00%,1,0,0.00%,0.00%,"￥1,980",￥0,1,0
B0D6RPKQDW,B0D6RPKQDW,ロイヤルカナン BHN プードル 子犬用 800g ドッグフード ドライ シーフード,32,0,0.00%,0.00%,44,0,0.00%,0.00%,100.00%,0.00%,2,0,6.25%,0.00%,"￥3,596",￥0,1,0
B0D9XP3W5N,B0D9XP3W5N,【2個セット】アイスノン ICE KING 極冷えボディミスト 金木犀の香り 150mL×2個 冷却ミスト ボディ用 夏 保冷 スポーツ 熱中症,183,0,0.01%,0.00%,204,0,0.01%,0.00%,51.56%,0.00%,1,0,0.55%,0.00%,"￥2,280",￥0,1,0
B0DGQLL9P5,B0DGQJXT78,ニチドウ Dr.PRO. ドクター・プロ ベビーミルク スーパーIGP 幼犬用 100g (3個),15,0,0.00%,0.00%,18,0,0.00%,0.00%,100.00%,0.00%,1,0,6.67%,0.00%,"￥5,480",￥0,1,0
B0DGY3DVHQ,B0DGY3DVHQ,アース・ペット スタミノール 関節ケア 100g ×２本セット 犬 サプリ,14,0,0.00%,0.00%,19,0,0.00%,0.00%,86.67%,0.00%,1,0,7.14%,0.00%,"￥3,480",￥0,1,0
B0DJCXYHLS,B0DJCX5CCW,ニチドウ 毛玉クリーン60g (3袋),11,0,0.00%,0.00%,12,0,0.00%,0.00%,100.00%,0.00%,1,0,9.09%,0.00%,"￥2,680",￥0,1,0
B0FVVCKSGS,B0DSPH9P9F,クーリア シール プレミアムオーロラスポンジシール マジカルウィッシュ 91151,288,1,0.02%,0.01%,344,1,0.01%,0.01%,52.62%,0.00%,1,0,0.35%,0.00%,￥507,￥0,1,0
B0FVVCKSGS,B0DSPJF5G1,クーリア シール プレミアムオーロラスポンジシール スイートハニークラウド 91150,345,0,0.02%,0.00%,379,0,0.02%,0.00%,15.32%,0.00%,1,0,0.29%,0.00%,￥495,￥0,1,0
B0FVVCKSGS,B0DSPLJ25P,クーリア シール プレミアムオーロラスポンジシール エアリーチュチュ 91149,854,2,0.05%,0.02%,"1,090",2,0.05%,0.01%,7.26%,50.00%,1,0,0.12%,0.00%,￥465,￥0,1,0
B0FVVCKSGS,B0DSPNW2GB,クーリア シール プレミアムオーロラスポンジシール おやすみバニー 91148,478,0,0.03%,0.00%,562,0,0.02%,0.00%,13.77%,0.00%,1,0,0.21%,0.00%,￥480,￥0,1,0
B0F2D4N7YQ,B0DTPCTQTJ,はだまも お肌の虫よけ ミスト コールマン 60ml 虫除けスプレー 持ち運び 朝使って夜まで 虫よけスプレー 蚊 トコジラミ キャンプ アウトドア,"2,274",46,0.14%,0.43%,"3,275",66,0.14%,0.42%,0.00%,0.00%,1,1,0.04%,2.17%,￥980,￥980,1,1
B0H61YN1J2,B0DVSJZ4FN,レノア 超消臭1WEEK 柔軟剤 SPORTS フレッシュシトラスの香り 詰め替え 1900mL [大容量],"11,032",113,0.70%,1.06%,"17,135",177,0.71%,1.12%,0.01%,0.00%,1,0,0.01%,0.00%,"￥2,380",￥0,1,0
B0F2SHJW4P,B0F2SHJW4P,ペッツルート (Petz Route) もっと虫よけ エリアスマイル 70日 M くま 中型犬・大型犬の散歩用,33,0,0.00%,0.00%,44,0,0.00%,0.00%,53.85%,0.00%,1,0,3.03%,0.00%,"￥1,200",￥0,1,0
B0F2SL3945,B0F2SL3945,ペッツルート (Petz Route) もっと虫よけ エリアスマイル 140日 M くま 中型犬・大型犬の散歩用,4,0,0.00%,0.00%,6,0,0.00%,0.00%,80.00%,0.00%,1,0,25.00%,0.00%,"￥1,480",￥0,1,0
B0F3CGTSL2,B0F3CGTSL2,Seabreeze シーブリーズ SEA BREEZE アイスドライシャンプー 95g 水のいらないシャンプー クール 夏 サラサラ 洗い流し不要 スプレー 簡単 リフレッシュ 清涼感,712,5,0.04%,0.05%,"1,024",8,0.04%,0.05%,0.11%,0.00%,1,0,0.14%,0.00%,￥900,￥0,1,0
B0F9DZL2MG,B0F9DZL2MG,[DERMASHARE] 美容液 スティック バーム バクチオール エイジングケア 高保湿 容量13g ダーマシェア,149,0,0.01%,0.00%,182,0,0.01%,0.00%,32.14%,0.00%,1,0,0.67%,0.00%,"￥1,480",￥0,1,0
B0FZRGY38H,B0FCB839T7,わんわん チョイあげ 国産 バラエティセット アソート 犬用 おやつ (14種),16,0,0.00%,0.00%,18,0,0.00%,0.00%,100.00%,0.00%,1,0,6.25%,0.00%,"￥2,280",￥0,1,0
B0FCFK55ZK,B0FCFK55ZK,アリエール 液体 1720g 漂白剤レベル洗浄 エリそで＆くすみ 洗濯洗剤 詰め替え,395,10,0.02%,0.09%,588,11,0.02%,0.07%,0.00%,0.00%,1,1,0.25%,10.00%,"￥1,470","￥1,470",1,1
B0H834LZ9P,B0FL7TRX5V,【ケース販売】アタック抗菌EX 部屋干し用 高湿度90%密集干しでも天日干し級に強力消臭 洗濯洗剤 液体 つめかえ用 1520ｇ×6個,118,7,0.01%,0.07%,168,14,0.01%,0.09%,2.42%,9.09%,1,1,0.85%,14.29%,"￥4,950","￥4,950",1,1
B0GRSV7W2Z,B0FRS8Q4SR,クーリア バインダー バッグマイシールバインダー スイートピンクタイム 01113,75,0,0.00%,0.00%,106,0,0.00%,0.00%,43.40%,0.00%,2,0,2.67%,0.00%,"￥1,724",￥0,1,0
B0GRSV7W2Z,B0FRS9RLPL,クーリア バインダー バッグマイシールバインダー きらりんエナガマーチ 01114,86,0,0.01%,0.00%,123,0,0.01%,0.00%,56.78%,0.00%,1,0,1.16%,0.00%,"￥1,640",￥0,1,0
B0FV7XQ74Y,B0FV7XQ74Y,【5種セット】 いなば トッパーまぜて ちゅ〜るボール 5種 各2袋 計10袋 (まぐろ/かつお/とりささみ/まぐろかつお節味/とりささみ本格だし) 猫 おやつ キャットフード アソート まとめ買い,30,0,0.00%,0.00%,40,0,0.00%,0.00%,100.00%,0.00%,1,0,3.33%,0.00%,"￥2,980",￥0,1,0
B0G1B6SS86,B0G1B6SS86,【セット品】ジル スチュアート リボンファッションショー コレクション 2025 クリスマス限定コフレ 可愛いポーチ付きメイクセット クリスマスプレゼント,111,0,0.01%,0.00%,131,0,0.01%,0.00%,99.17%,0.00%,1,0,0.90%,0.00%,"￥14,980",￥0,1,0
B0GSQDZB5N,B0GSQHQRV7,クーリア バインダー ボンボンドロップシールバインダーセット きらりんエナガマーチ 01223,408,5,0.03%,0.05%,553,8,0.02%,0.05%,13.18%,0.00%,1,0,0.25%,0.00%,"￥2,400",￥0,1,0
B0GTNG6XZR,B0GTN71Q6N,クーリア バインダー キラキラシールバインダー ハートA 01282,525,0,0.03%,0.00%,813,0,0.03%,0.00%,9.14%,0.00%,1,0,0.19%,0.00%,￥590,￥0,1,0
B0GXMH2SLH,B0GXMH2SLH, ,19,0,0.00%,0.00%,27,0,0.00%,0.00%,100.00%,0.00%,1,0,5.26%,0.00%,"￥1,280",￥0,1,0
B0H5QMNR9N,B0H5QMNR9N,ミツエイ MAGNOLIA FRAGRANCE BLOOM ファブリックリフレッシャー 350ml オリジナルスパウトパウチ付き 消臭スプレー 除菌99.9％ 布製品用スプレー 衣類 ソファ カーテン 寝具 芳香 消臭 除菌 マグノリアフレグランスブルーム 本体,16,0,0.00%,0.00%,18,0,0.00%,0.00%,100.00%,0.00%,1,0,6.25%,0.00%,"￥1,480",￥0,1,0
B0H7R8MMWB,B0H7R8MMWB,【3個セット】アースノーマット 1プッシュ式スプレー 200回分 蚊取りスプレー 1日1プッシュ 約200日分 無香料 電気・電池不要 室内用 蚊対策 玄関 リビング 寝室 まとめ買い,11,0,0.00%,0.00%,11,0,0.00%,0.00%,100.00%,0.00%,1,1,9.09%,0.00%,"￥3,680","￥3,680",1,1
B0H9X3NL5X,B0H9X3NL5X,【まとめ買い】熱冷却シート 大人・子供兼用 16枚入×3個セット 冷却シート 日本製 10時間冷却 発熱 冷感シート ジェルシート おでこ用 家庭用 常備用 急な発熱 暑さ対策 48枚（16枚×3）,8,0,0.00%,0.00%,10,0,0.00%,0.00%,100.00%,0.00%,1,0,12.50%,0.00%,"￥1,980",￥0,1,0
B0HB31Z1Y8,B0HB31Z1Y8,【まとめ買い】プライバシー UVパウダー SPF50+ PA++++ メイクの上から使えるUV 2個セット 日焼け止めパウダー UVカット テカリ防止 化粧直し 紫外線対策 黒龍堂,24,0,0.00%,0.00%,29,0,0.00%,0.00%,100.00%,0.00%,1,0,4.17%,0.00%,"￥2,780",￥0,1,0
B0HB3894P3,B0HB3894P3,【まとめ買い】ハイスキン ぷるっとワセリン ハイスキンモイストジェル N フローラル 190g 3個セット オールインワンジェル 保湿ジェル ワセリン配合 保湿 顔 全身 スキンケア 日本製,18,0,0.00%,0.00%,26,0,0.00%,0.00%,100.00%,0.00%,1,0,5.56%,0.00%,"￥3,280",￥0,1,0
B0HBT7BPCT,B0HBT7BPCT,【セット品】クーリア キラリンウォーターシール 6種セット スイートピンクタイム ハムハムエンジェル シュガーミエル シーグラスアイランド もちえなが キャンディツインズ デコシール 手帳シール コラージュ,77,0,0.00%,0.00%,115,0,0.00%,0.00%,99.04%,0.00%,1,0,1.30%,0.00%,"￥2,180",￥0,1,0
B0HBZTFFTG,B0HBZTFFTG,【セット品】アタックZERO ドラム式専用 本体570g＋詰め替え1460g セット 花王 洗濯洗剤 液体 洗濯槽まで消臭 部屋干し 生乾き臭対策 抗菌 大容量 詰替え ドラム式洗濯機専用 Attack ZERO,22,0,0.00%,0.00%,26,0,0.00%,0.00%,100.00%,0.00%,1,0,4.55%,0.00%,"￥3,580",￥0,1,0
B0HG1DQL38,B0HG1DQL38,【セット品】レノア 煮沸レベル超消臭 抗菌ビーズ 爽快クール 本体400mL＋詰め替え990mL 2点セット 涼感リフレッシュクールの香り 衣類消臭 香り付け 縦型・ドラム式対応,64,1,0.00%,0.01%,74,1,0.00%,0.01%,100.00%,100.00%,1,0,1.56%,0.00%,"￥3,980",￥0,1,0
B0HG1F5B7T,B0HG1F5B7T,【セット品】レノア 超消臭 爽快COOL 涼感リフレッシュクールの香り 本体450mL＋詰め替え1265mL 超特大 2点セット 柔軟剤 抗菌,10,0,0.00%,0.00%,13,0,0.00%,0.00%,100.00%,0.00%,1,0,10.00%,0.00%,"￥2,480",￥0,1,0
B0HG4LCDMM,B0HG4LCDMM,【まとめ買い】トップ クリアリキッド つめかえ用 500g × 3袋セット 合計1500g 衣料用 液体洗剤 アクアフローラルの香り すすぎ1回対応,10,1,0.00%,0.01%,10,1,0.00%,0.01%,100.00%,100.00%,1,0,10.00%,0.00%,"￥1,480",￥0,1,0
B0HG5MGBBW,B0HG5MGBBW,【セット品】トップ クリアリキッド 抗菌 本体 840g＋つめかえ用 900g セット 洗濯洗剤 液体洗剤 100時間抗菌 微香性 フレッシュフローラル すすぎ1回対応 部屋干し,28,0,0.00%,0.00%,36,0,0.00%,0.00%,100.00%,0.00%,1,0,3.57%,0.00%,"￥1,780",￥0,1,0
B0000ACBA8,B0000ACBA8,日立マクセル 3.5型 フロッピーディスク COLOR CLUB MFHD18CC.22P,237,8,0.01%,0.08%,308,10,0.01%,0.06%,0.00%,0.00%,0,0,0.00%,0.00%,￥0,￥0,0,0
B08V51YHQR,B000FQORIA,柳屋本店 ヘアトニック 微香性シトラス240ml 【HTRC3】,"1,359",15,0.09%,0.14%,"2,258",22,0.09%,0.14%,0.00%,0.00%,0,0,0.00%,0.00%,￥0,￥0,0,0
B07HQXNB5T,B000TI6994,マルカン お散歩ボトルトップ ピンク 犬用,74,0,0.00%,0.00%,77,0,0.00%,0.00%,0.00%,0.00%,0,0,0.00%,0.00%,￥0,￥0,0,0
B07HQXNB5T,B000TI9N74,マルカン お散歩ボトルトップ ブルー 犬用,210,2,0.01%,0.02%,260,2,0.01%,0.01%,1.69%,0.00%,0,0,0.00%,0.00%,￥0,￥0,0,0
B01M5CTWHH,B000V2FG38,シッカロールキュア 140g,306,7,0.02%,0.07%,370,13,0.02%,0.08%,0.00%,0.00%,0,0,0.00%,0.00%,￥0,￥0,0,0
B0HBBLP112,B001V7WMLG,本島椿 純椿油プッシュタイプ 65ml,202,5,0.01%,0.05%,287,6,0.01%,0.04%,0.00%,0.00%,0,0,0.00%,0.00%,￥0,￥0,0,0
B002RK8YO0,B002RK8YO0,花王(Kao) KAO キーピング アイロン用スムーザー ハンディスプレー,"1,738",27,0.11%,0.25%,"2,321",36,0.10%,0.23%,0.05%,0.00%,0,0,0.00%,0.00%,￥0,￥0,0,0
B002VTK0OY,B002VTK0OY,天然成分入浴剤 つるつる 美肌の湯 2袋入 二股ラジウム温泉の湯の華,55,0,0.00%,0.00%,77,0,0.00%,0.00%,6.94%,0.00%,0,0,0.00%,0.00%,￥0,￥0,0,0
B07TVLNJMW,B002WGTO52,ダンロップ ホームプロダクツ ゴム手袋 使い捨て 天然ゴム 極薄 ホワイト S 調理 掃除 洗濯 介護 食堂 50枚入,6,1,0.00%,0.01%,6,1,0.00%,0.01%,0.00%,0.00%,0,0,0.00%,0.00%,￥0,￥0,0,0
B002WGVRSY,B002WGVRSY,ダンロップ ホームプロダクツ ゴム手袋 使い捨て 天然ゴム 極薄 ホワイト M 調理 掃除 洗濯 介護 食堂 50枚入,2,0,0.00%,0.00%,2,0,0.00%,0.00%,0.00%,0.00%,0,0,0.00%,0.00%,￥0,￥0,0,0
B003OMWLEE,B003OMWLEE,ワンピースフィルム ストロングワールド 【DVD】,76,1,0.00%,0.01%,93,1,0.00%,0.01%,0.00%,0.00%,0,0,0.00%,0.00%,￥0,￥0,0,0
B0DK4Z3FV1,B004VK6M2A,ペティオ (Petio) プレシャンテ スキバサミ ペット用,43,1,0.00%,0.01%,54,1,0.00%,0.01%,0.00%,0.00%,0,0,0.00%,0.00%,￥0,￥0,0,0
B016W85MAQ,B004VK6R4I,ペティオ (Petio) プレシャンテ ダブルブラッシングブラシ 長毛犬・長毛猫用 M サイズ,44,0,0.00%,0.00%,75,0,0.00%,0.00%,42.25%,0.00%,0,0,0.00%,0.00%,￥0,￥0,0,0
B0DK4ZC16Z,B004VK7CYC,ペティオ (Petio) プレシャンテ ネイルカッター ハサミ式 犬用,206,2,0.01%,0.02%,261,4,0.01%,0.03%,8.59%,100.00%,0,0,0.00%,0.00%,￥0,￥0,0,0
B0G64V6N5F,B006YJUZH4,LUX(ラックス) ラックス バイオフュージョン ダメージディフェンス シャンプー ポンプ 250g,286,4,0.02%,0.04%,382,4,0.02%,0.03%,0.00%,0.00%,0,0,0.00%,0.00%,￥0,￥0,0,0
B07C1YZXPS,B007KE1TPY,ジェックス ピュアクリスタル 軟水化フィルター 犬用 2個入,18,0,0.00%,0.00%,22,0,0.00%,0.00%,0.00%,0.00%,0,0,0.00%,0.00%,￥0,￥0,0,0
B01DK6WL48,B008V6D5M0,XMARKIKRF-WH,34,1,0.00%,0.01%,48,1,0.00%,0.01%,2.27%,0.00%,0,0,0.00%,0.00%,￥0,￥0,0,0
B009KI3DFM,B009KI3DFM,ショーワグローブ(Showaglove) 【ニトリル手袋・使いきり手袋】No.882 ニトリスト・タッチ 100枚入 ブルー Lサイズ 1函 左右兼用 食品衛生法適合 パウダーフリー ラテックスフリー,"1,585",90,0.10%,0.85%,"2,307",121,0.10%,0.77%,0.00%,0.00%,0,0,0.00%,0.00%,￥0,￥0,0,0
B0DB26NNNR,B009KI3DFM,ショーワグローブ(Showaglove) 【ニトリル手袋・使いきり手袋】No.882 ニトリスト・タッチ 100枚入 ブルー Lサイズ 1函 左右兼用 食品衛生法適合 パウダーフリー ラテックスフリー,"4,128",267,0.26%,2.51%,"5,841",389,0.24%,2.46%,0.00%,0.00%,0,0,0.00%,0.00%,￥0,￥0,0,0
B0DB26NNNR,B009KI64XK,ショーワグローブ(Showaglove) 【ニトリル手袋・使いきり手袋】No.882 ニトリスト・タッチ 100枚入 ブルー Sサイズ 1函 左右兼用 食品衛生法適合 パウダーフリー ラテックスフリー,"2,727",166,0.17%,1.56%,"3,713",241,0.15%,1.53%,0.00%,0.00%,0,0,0.00%,0.00%,￥0,￥0,0,0
B0DB26NNNR,B00BES4SDW,ショーワグローブ 【パウダーフリー】No.882 ニトリスト・タッチ 100枚入 ブルー SSサイズ 1函,"1,073",63,0.07%,0.59%,"1,571",94,0.07%,0.60%,0.00%,0.00%,0,0,0.00%,0.00%,￥0,￥0,0,0
B0DB26NNNR,B00BES4T40,ショーワグローブ 【パウダーフリー】No.882 ニトリスト・タッチ 100枚入 ブルー LLサイズ 1函,"1,610",128,0.10%,1.21%,"2,295",190,0.10%,1.20%,0.00%,0.00%,0,0,0.00%,0.00%,￥0,￥0,0,0
B00H4QPH2E,B00H4QPH2E,【まとめ買い】キーピング アイロン用 スムーザー つめかえ用 ×2セット,456,10,0.03%,0.09%,603,14,0.03%,0.09%,0.00%,0.00%,0,0,0.00%,0.00%,￥0,￥0,0,0
B079NJRBN3,B00HVQ3ENQ,いなば とろみ とりささみ 80g 24個セット,72,2,0.00%,0.02%,87,2,0.00%,0.01%,9.64%,0.00%,0,0,0.00%,0.00%,￥0,￥0,0,0
B0FT7Q25TP,B00HVQ3EPE,いなば とろみ とりささみ 牛肉入り 80g 24個セット,117,0,0.01%,0.00%,154,0,0.01%,0.00%,0.00%,0.00%,0,0,0.00%,0.00%,￥0,￥0,0,0
B00W3AXUAM,B00W3AXUAM,チョイあげ 犬用おやつ ヒョロささみチーズ 60グラム (x 3) (まとめ買い),81,0,0.01%,0.00%,101,0,0.00%,0.00%,0.00%,0.00%,0,0,0.00%,0.00%,￥0,￥0,0,0
B00WO09XRK,B00WO09XRK,スターウォーズ/フォースの覚醒 Star Wars The Force Awakens ザー・ブラック・シアリーズ The Black Series - グアビアン・エンフォーサー・シックス・インチ・フィガー GUAVIAN ENFORCER 6 Inch Figure [並行輸入品],2,0,0.00%,0.00%,2,0,0.00%,0.00%,0.00%,0.00%,0,0,0.00%,0.00%,￥0,￥0,0,0
B00X555XYA,B00X555XYA,いなば とろみ 缶 とりささみ 野菜入り 80g×24缶,20,6,0.00%,0.06%,23,6,0.00%,0.04%,13.04%,0.00%,0,0,0.00%,0.00%,￥0,￥0,0,0
B0CGVL4GZZ,B012MF1OT6,LUCIDO-L(ルシードエル) オイルトリートメント #EXヘアオイル リッチモイスチャー,458,3,0.03%,0.03%,664,55,0.03%,0.35%,0.00%,0.00%,0,0,0.00%,0.00%,￥0,￥0,0,0
B0HC23VCDD,B0132TF3NO,ミノン薬用ヘアシャンプー つめかえ用 380mL ヘアシャンプー 敏感肌 かゆみ フケ 保湿 乾燥対策 弱酸性 低刺激性 【医薬部外品】,"3,595",38,0.23%,0.36%,"4,988",52,0.21%,0.33%,0.00%,0.00%,0,0,0.00%,0.00%,￥0,￥0,0,0
B0DHSC99D3,B013SPZS2S,バブ ピースフルハーブ 12錠入(4種類×3錠) 炭酸 入浴剤 薬用 [医薬部外品],"3,058",60,0.19%,0.57%,"4,286",85,0.18%,0.54%,0.00%,0.00%,0,0,0.00%,0.00%,￥0,￥0,0,0
B0CHYHN8CS,B016QCPNUW,エレコム ワイヤレス トラックボールマウス EX-G 握りの極み 6ボタン チルトホイール（左右スクロール） ブラック M-XT3DRBK,"15,374",411,0.97%,3.87%,"22,816",552,0.95%,3.50%,0.00%,0.00%,0,0,0.00%,0.00%,￥0,￥0,0,0
B0CXYCG6PL,B019606FIA,Schick(シック) ハイドロ5プレミアム パワーセレクト 5枚刃 ホルダー(刃付き+替刃1コ入) 髭剃り カミソリ 男性用,745,14,0.05%,0.13%,"1,095",20,0.05%,0.13%,0.00%,0.00%,0,0,0.00%,0.00%,￥0,￥0,0,0
B0BJ6FQJMQ,B01CXMRX02,コスメテックスローランド ロッシモイストエイド マッサージ コールドクリームN 300g (メイク落とし リフトアップ 美容),40,1,0.00%,0.01%,49,1,0.00%,0.01%,0.00%,0.00%,0,0,0.00%,0.00%,￥0,￥0,0,0
B01CY7CDGK,B01CY7CDGK,ボナカジャパン KB-F ツールエプロン,2,0,0.00%,0.00%,2,0,0.00%,0.00%,100.00%,0.00%,0,0,0.00%,0.00%,￥0,￥0,0,0
B01DLX1VZA,B01DLX1VZA,いなば 【セット販売】チャオ ちゅ～る まぐろ＆贅沢サーモン （14g×4本）×6コ[ちゅーる],200,0,0.01%,0.00%,506,0,0.02%,0.00%,1.67%,0.00%,0,0,0.00%,0.00%,￥0,￥0,0,0
B01DN6ZIGI,B01DN6ZIGI,ママクック 犬用 おやつ フード トッピング フリーズドライのササミ 150g 国産,755,12,0.05%,0.11%,"1,044",12,0.04%,0.08%,0.00%,0.00%,0,0,0.00%,0.00%,￥0,￥0,0,0
B01GZQ2XYI,B01GZQ2XYI,アルカリイオン 水素水 1本入り,100,3,0.01%,0.03%,160,10,0.01%,0.06%,31.82%,0.00%,0,0,0.00%,0.00%,￥0,￥0,0,0
B01J4BVX06,B01J4BVX06,【３個セット】アルカリイオン 水素水　500ｍｌペットボトル約180～200本分製水,118,0,0.01%,0.00%,168,0,0.01%,0.00%,11.24%,0.00%,0,0,0.00%,0.00%,￥0,￥0,0,0
B01MR6LG3R,B01MR6LG3R,ワイド ハイター クリア ヒーロー,213,1,0.01%,0.01%,279,3,0.01%,0.02%,0.00%,0.00%,0,0,0.00%,0.00%,￥0,￥0,0,0
B01N4NRDEP,B01N4NRDEP,ペロQ ２種×１６本 計３２本,70,0,0.00%,0.00%,72,0,0.00%,0.00%,13.89%,0.00%,0,0,0.00%,0.00%,￥0,￥0,0,0
B01NCX79TA,B01NCX79TA,ショーワグローブ(Showaglove) ニトリスト・スーパーロング 40cmロング NO.887 パウダーフリー 左右兼用50枚　厚さ0.15mm ブルー Ｍサイズ,458,13,0.03%,0.12%,667,21,0.03%,0.13%,0.00%,0.00%,0,0,0.00%,0.00%,￥0,￥0,0,0
B07TFVJC4Y,B071W69ZKT,ニチドウ 香り長持ちシャンプー ローズ,223,1,0.01%,0.01%,321,1,0.01%,0.01%,0.00%,0.00%,0,0,0.00%,0.00%,￥0,￥0,0,0
B0BZVZRJM8,B0743GXHY6,ビオレu 【大容量】 つめかえ用4回分 1.35リットル (x 1),0,0,0.00%,0.00%,0,0,0.00%,0.00%,0.00%,0.00%,0,0,0.00%,0.00%,￥0,￥0,0,0
B0H2LKRRHF,B074DYTBQ6,肌ラボ 濃い極潤 オールインワン パーフェクトゲル ヒアルロン酸×スクワラン×セラミド×サクラン配合 100g,"2,109",22,0.13%,0.21%,"3,013",146,0.13%,0.92%,0.04%,0.00%,0,0,0.00%,0.00%,￥0,￥0,0,0
B0G2BJ6QNV,B074P2HDPJ,アイリスオーヤマ 電気毛布 敷き 洗える 140×80cm ダニ退治 シングル キャンプ 節電 省エネ スライド温度調整 フランネル ふわふわ 敷き毛布 EHB-F1480-DT カラー×サイズ EHB-F1480-DT ダークブラウン [並行輸入品],"2,373",32,0.15%,0.30%,"3,268",48,0.14%,0.30%,0.00%,0.00%,0,0,0.00%,0.00%,￥0,￥0,0,0
B0771CR32R,B076V2ZSBF,ペティオ (Petio) あったか 着るブランケット ブラウン ペット用 L サイズ,6,0,0.00%,0.00%,8,0,0.00%,0.00%,75.00%,0.00%,0,0,0.00%,0.00%,￥0,￥0,0,0
B0771CR32R,B076V62149,ペティオ (Petio) あったか 着るブランケット ピンク ペット用 L サイズ,3,0,0.00%,0.00%,3,0,0.00%,0.00%,100.00%,0.00%,0,0,0.00%,0.00%,￥0,￥0,0,0
B077VKWV58,B077VKWV58,トモダ(Tomoda) 玩具 しゃぼん玉 楽しく学べるシャボン玉 バブル シャボン玉 外遊び 実験,8,0,0.00%,0.00%,9,0,0.00%,0.00%,100.00%,0.00%,0,0,0.00%,0.00%,￥0,￥0,0,0
B0G6344546,B079RF1XJJ,肌ラボ 白潤 薬用美白化粧水 つめかえ用 美白成分3種配合 170ミリリットル (x 1),629,1,0.04%,0.01%,815,1,0.03%,0.01%,0.00%,0.00%,0,0,0.00%,0.00%,￥0,￥0,0,0
B0B46CWYZJ,B079RMZPK3,肌ラボ 白潤 薬用美白化粧水 しっとりタイプ つめかえ用 美白成分3種配合 170ミリリットル (x 1),"6,413",16,0.40%,0.15%,"8,789",21,0.36%,0.13%,0.00%,0.00%,0,0,0.00%,0.00%,￥0,￥0,0,0
B0FFSP2CLJ,B07B9C6FZV,アイメディア(Aimedia) 風呂水ポンプまとめてキレイ 3回分 風呂洗剤 洗濯機 風呂水 給水ポンプ ホース 洗浄剤 ヌメリ フィルター,330,2,0.02%,0.02%,457,2,0.02%,0.01%,0.24%,0.00%,0,0,0.00%,0.00%,￥0,￥0,0,0
B0CVQJ7F5D,B07BGSTT34,[モレーンコーポレーション] 取出しやすい 医療用品メーカー 食品衛生法適合 グレイシアハイジーン XS 125枚入り 調理用 ニトリルグローブ ニトリルゴム手袋 ニトリル手袋 青 パウダーフリー ラテックスフリー グローブ 作業用,173,4,0.01%,0.04%,225,4,0.01%,0.03%,8.02%,25.00%,0,0,0.00%,0.00%,￥0,￥0,0,0
B07DZWTQ8B,B07DZWTQ8B,何も入れないささみだけのたま伝説 70g×6個セット,22,0,0.00%,0.00%,33,0,0.00%,0.00%,3.03%,0.00%,0,0,0.00%,0.00%,￥0,￥0,0,0
B0FTGH59QM,B07F6J8KX1,キュキュット Kyukyutto 【まとめ買い】 食器用洗剤 粉末 グレープフルーツの香り 食洗機用 クエン酸効果 詰め替え 550g × 3個,834,17,0.05%,0.16%,"1,166",28,0.05%,0.18%,0.00%,0.00%,0,0,0.00%,0.00%,￥0,￥0,0,0
B07FP2S7RZ,B07FP2S7RZ,花王 アイロン用キーピング 衣料用のり剤 ハンディスプレー 400ml 1個 + つめかえ用 350ml 2個,"1,644",31,0.10%,0.29%,"2,063",40,0.09%,0.25%,0.00%,0.00%,0,0,0.00%,0.00%,￥0,￥0,0,0
B0CCV4NMB3,B07GF4LJ3D,LUCIDO(ルシード) -L(ルシードエル) オイルトリートメント #EXヘアリペアオイル アルガンオイル 洗い流さないトリートメント 単品 60ミリリットル (x 1),"2,179",5,0.14%,0.05%,"3,296",5,0.14%,0.03%,0.00%,0.00%,0,0,0.00%,0.00%,￥0,￥0,0,0
B07NVW8G2M,B07GY9VZC2,信長の野望・大志 パワーアップキット,62,0,0.00%,0.00%,69,0,0.00%,0.00%,0.00%,0.00%,0,0,0.00%,0.00%,￥0,￥0,0,0
B0G2BJ6QNV,B07HJL9ZGH,アイリスオーヤマ 電気毛布 掛け 洗える 60×120cm 電気ひざ掛け ダニ退治 セミダブル ダブル キャンプ 節電 省エネ スライド温度調整 掛け毛布 EBK-1206-ZR 赤×黒チェック,495,11,0.03%,0.10%,611,14,0.03%,0.09%,0.00%,0.00%,0,0,0.00%,0.00%,￥0,￥0,0,0
B07J3G43L1,B07J3G43L1,エレコム WiFi 無線LAN ルーター 11ac ac2600 1733+800Mbps IPv6対応 トレンドマイクロセキュリティ 3階建/4LDK デュアルバンド WRC-2533GST2,568,13,0.04%,0.12%,778,14,0.03%,0.09%,0.00%,0.00%,0,0,0.00%,0.00%,￥0,￥0,0,0
B07NPNRNBC,B07NPNRNBC,KATE(ケイト) ケイト ナチュラル ジェル プロテクションエキスパート 化粧下地 SPF50+/PA+++ 30グラム (x 1),"1,428",11,0.09%,0.10%,"1,951",15,0.08%,0.10%,0.00%,0.00%,0,0,0.00%,0.00%,￥0,￥0,0,0
B07NWV228X,B07NWV228X,メイベリン シャインコンパルジョン,1,0,0.00%,0.00%,1,0,0.00%,0.00%,0.00%,0.00%,0,0,0.00%,0.00%,￥0,￥0,0,0
B07PS1FXBH,B07PS1FXBH,ミューズメン石鹸 × 3個セット,264,0,0.02%,0.00%,309,0,0.01%,0.00%,19.66%,0.00%,0,0,0.00%,0.00%,￥0,￥0,0,0
B07QZYGRSD,B07PXDKFTR,ピュオーラ 泡で出てくるハミガキ マイルドタイプ 190ml 口臭/歯周病予防 [医薬部外品] (研磨剤無配合),"1,785",27,0.11%,0.25%,"2,615",35,0.11%,0.22%,0.00%,0.00%,0,0,0.00%,0.00%,￥0,￥0,0,0
B0CZJJ3HRW,B07Q49Q3VP,アイスノン シャツミスト エキストラミントの香り 大容量 つめかえ用 × 2個セット,251,9,0.02%,0.08%,337,12,0.01%,0.08%,0.00%,0.00%,0,0,0.00%,0.00%,￥0,￥0,0,0
B0CZJJ3HRW,B07Q5DDZQW,アイスノン シャツミスト エキストラミントの香り 大容量 つめかえ用 × 4個セット 280ミリリットル (x 4),132,4,0.01%,0.04%,164,4,0.01%,0.03%,0.00%,0.00%,0,0,0.00%,0.00%,￥0,￥0,0,0
B07Q6NCPZS,B07Q6NCPZS,Kong(コング) 猫用おもちゃ コングキャットヤーニマルズ オレンジ M サイズ,31,0,0.00%,0.00%,32,0,0.00%,0.00%,96.88%,0.00%,0,0,0.00%,0.00%,￥0,￥0,0,0
B0CCTZ3YP1,B07W82Q5V7,LUCIDO-L(ルシードエル) オイルトリートメント #EXヘアオイル シアーグロス アルガンオイル 洗い流さないトリートメント 透明感あふれるツヤ 60ミリリットル (x 1),219,0,0.01%,0.00%,262,0,0.01%,0.00%,0.00%,0.00%,0,0,0.00%,0.00%,￥0,￥0,0,0
B07XLJ28GX,B07XLJ28GX,らくハピ いれるだけバブルーン トイレボウル × 6個セット,323,4,0.02%,0.04%,379,7,0.02%,0.04%,0.00%,0.00%,0,0,0.00%,0.00%,￥0,￥0,0,0
B09KV6GLWG,B07YC8CJ3Y,ヤーマン 洗顔ブラシ ミーゼ mysé クレンズリフト ローズ MS70R,235,0,0.01%,0.00%,320,0,0.01%,0.00%,56.39%,0.00%,0,0,0.00%,0.00%,￥0,￥0,0,0
B0828QWPYH,B0828QWPYH,【セット販売】銀のスプーン 三ツ星グルメ おやつ にっぽんSelect 2種のアソートとろリッチ まぐろ節使用＆かつお節使用 48g（6g×8本）×5コ,2,0,0.00%,0.00%,2,0,0.00%,0.00%,100.00%,0.00%,0,0,0.00%,0.00%,￥0,￥0,0,0
B083LX5VMB,B083LX5VMB,【医薬部外品】デオナチュレ 足指さらさらクリーム 足用 直ヌリ 制汗剤 クリーム クリーム1個,56,0,0.00%,0.00%,70,0,0.00%,0.00%,0.00%,0.00%,0,0,0.00%,0.00%,￥0,￥0,0,0
B0842R98VL,B0842R98VL,PCA所得税,1,0,0.00%,0.00%,3,0,0.00%,0.00%,100.00%,0.00%,0,0,0.00%,0.00%,￥0,￥0,0,0
B0844GSPPP,B0844GSPPP,帝人フロンティア 3D着圧サポーター 女性用レギンス 1枚入り ブラックM,5,1,0.00%,0.01%,5,1,0.00%,0.01%,0.00%,0.00%,0,0,0.00%,0.00%,￥0,￥0,0,0
B0844PNTH7,B0844PNTH7,帝人フロンティア 3D着圧サポーター 男性用レギンス 1枚入り ブラックM,1,0,0.00%,0.00%,2,0,0.00%,0.00%,100.00%,0.00%,0,0,0.00%,0.00%,￥0,￥0,0,0
B0844WFL3F,B0844WFL3F,帝人フロンティア 3D着圧サポーター 女性用レギンス 1枚入り ブラックL,1,0,0.00%,0.00%,1,0,0.00%,0.00%,0.00%,0.00%,0,0,0.00%,0.00%,￥0,￥0,0,0
B085FY17QH,B085FY17QH,さらふあ マスク用とりかえシート [５０枚入り] 日本製,191,1,0.01%,0.01%,290,1,0.01%,0.01%,0.00%,0.00%,0,0,0.00%,0.00%,￥0,￥0,0,0
B0CZTJJ88C,B085Q77F7B,【旧型モデル】KATE(ケイト) ケイト スキンカバーフィルターファンデーション 00 明るく透明感のある肌 13g,"1,304",31,0.08%,0.29%,"1,944",44,0.08%,0.28%,0.00%,0.00%,0,0,0.00%,0.00%,￥0,￥0,0,0
B0867JPKTD,B0867JPKTD,【3個セット】カルシウムイオン水 【日本製】カルシュウム原料10%増量 天然成分100％の原材料使用　独自製法スーパートルマリン配合PH7.5～8.6 (カートリッジ1本で500mLボトル120～150本分製水),10,0,0.00%,0.00%,12,0,0.00%,0.00%,100.00%,0.00%,0,0,0.00%,0.00%,￥0,￥0,0,0
B09245VRJL,B086YFC21V,いなば ちゅ~るごはん とりささみ・ビーフバラエティ 20本 犬用おやつ,128,0,0.01%,0.00%,169,0,0.01%,0.00%,0.00%,0.00%,0,0,0.00%,0.00%,￥0,￥0,0,0
B08794LB41,B08794LB41,サラテクト 虫よけシート 虫よけウェットティッシュ [BIGサイズシート 20枚入]×4個,111,1,0.01%,0.01%,164,1,0.01%,0.01%,2.76%,0.00%,0,0,0.00%,0.00%,￥0,￥0,0,0
B0899BJL52,B0899BJL52,サラテクト 虫よけシート 虫よけウェットティッシュ [BIGサイズシート 20枚入]×5個,66,0,0.00%,0.00%,111,0,0.00%,0.00%,0.00%,0.00%,0,0,0.00%,0.00%,￥0,￥0,0,0
B08CL5FQJT,B08CB75NZ3,ニベア ロイヤルブルーリップ しっとりなめらかタイプ【医薬部外品】 リップクリーム 2g,579,1,0.04%,0.01%,718,1,0.03%,0.01%,0.00%,0.00%,0,0,0.00%,0.00%,￥0,￥0,0,0
B08CL5FQJT,B08CB7BQP9,ニベア ロイヤルブルーリップ しっとりもっちりタイプ【医薬部外品】 リップクリーム 2g,523,6,0.03%,0.06%,722,8,0.03%,0.05%,0.00%,0.00%,0,0,0.00%,0.00%,￥0,￥0,0,0
B0G7HWSWHK,B08CZWJNYV,アイメディア(Aimedia) 静電気防止スプレー 300ml 62着分 日本製 クリーニング屋さん品質 パチパチ対策 花粉対策 静電気対策 無香料,170,0,0.01%,0.00%,246,0,0.01%,0.00%,0.82%,0.00%,0,0,0.00%,0.00%,￥0,￥0,0,0
B08J1NDTZ7,B08J1NDTZ7,HP 有線ゲームヘッドフォン Xbox One ヘッドセット サラウンドサウンド RGB LED照明 ノイズアイソレーション オーバーイヤーゲームヘッドセット 調節可能なマイク付き PS4 Xbox One Nintendo Switch PC ノートパソコン用 (ブラック),12,0,0.00%,0.00%,13,0,0.00%,0.00%,84.62%,0.00%,0,0,0.00%,0.00%,￥0,￥0,0,0
B08MC2J6ZW,B08MC2J6ZW,【2個セット】リセッシュ 除菌ＥＸ デオドラントパワー 香りが残らないタイプ つめかえ用 特大サイズ 680ml,51,4,0.00%,0.04%,69,4,0.00%,0.03%,27.14%,25.00%,0,0,0.00%,0.00%,￥0,￥0,0,0
B0FZ5DZPML,B08T19TKZ6,Shark シャーク 充電式サイクロンスティッククリーナー CH966J ブルージーン,859,21,0.05%,0.20%,"1,236",30,0.05%,0.19%,0.00%,0.00%,0,0,0.00%,0.00%,￥0,￥0,0,0
B08W9VCBNG,B08T73PJG6,エーペックスレジェンズ チャンピオンエディション【同梱特典】9人の有償レジェンド解除(6750 Apexコイン相当) & チャンピオンエディション限定レジェンダリーアイテム7つ & 1000 Apexコイン 同梱 - Switch,310,2,0.02%,0.02%,405,2,0.02%,0.01%,0.00%,0.00%,0,0,0.00%,0.00%,￥0,￥0,0,0
B08V51YHQR,B08V51YHQR,柳屋 ヘアトニック 微香性シトラス240ml 【HTRC3】,1,0,0.00%,0.00%,1,0,0.00%,0.00%,0.00%,0.00%,0,0,0.00%,0.00%,￥0,￥0,0,0
B0B27LM3SY,B08VXZPJYQ,ジュレーム KOSE コーセー リラックス ヘアコンディショナー (ストレート&スリーク) つめかえ 360mL うねり・くせがある髪をさらさらストレートに トリートメント フローラルハニーの香り 詰替え用 360ミリリットル (x 1),93,3,0.01%,0.03%,137,3,0.01%,0.02%,0.00%,0.00%,0,0,0.00%,0.00%,￥0,￥0,0,0
B0BGY94CQP,B08W2YP4WK,GEX ピュアクリスタル プチ 静かな水の流れ 静音 活性炭フィルター1枚付き フィルター式給水器 ホワイト 犬用 800mL,354,3,0.02%,0.03%,464,5,0.02%,0.03%,0.00%,0.00%,0,0,0.00%,0.00%,￥0,￥0,0,0
B0CX3KL3RR,B08WSHPTWZ,肌ラボ 白潤プレミアム 薬用浸透美白化粧水(ボトル170ml),984,17,0.06%,0.16%,"1,368",107,0.06%,0.68%,0.00%,0.00%,0,0,0.00%,0.00%,￥0,￥0,0,0
B08X98W9NF,B08X98W9NF,遊戯王OCG デュエルモンスターズ PREMIUM PACK プレミアム パック 2021,110,3,0.01%,0.03%,126,4,0.01%,0.03%,0.00%,0.00%,0,0,0.00%,0.00%,￥0,￥0,0,0
B096YCL4YG,B096YCL4YG,チームファイブ TEAMFIVE TFマウスガードDFR,1,0,0.00%,0.00%,1,0,0.00%,0.00%,100.00%,0.00%,0,0,0.00%,0.00%,￥0,￥0,0,0
B0G63VBVTD,B09BHPY74H,LUCIDO-L(ルシードエル) オイルトリートメント #EXヘアオイル うねり・くせケア,332,3,0.02%,0.03%,421,3,0.02%,0.02%,0.00%,0.00%,0,0,0.00%,0.00%,￥0,￥0,0,0
B09BTN7DNJ,B09BTN7DNJ,INTEX(インテックス) フィルターカートリッジ 2個セット,265,14,0.02%,0.13%,360,18,0.01%,0.11%,0.00%,0.00%,0,0,0.00%,0.00%,￥0,￥0,0,0
B0G1B8B8ZR,B09C1PH1WZ,[山善] 電気毛布 敷き 電気敷毛布 (130×80cm) (丸洗い可能) (ダニ対策機能) (温度調節機能) ホワイト×ベージュ YMS-16,327,5,0.02%,0.05%,449,5,0.02%,0.03%,0.00%,0.00%,0,0,0.00%,0.00%,￥0,￥0,0,0
B0B9GLZLVQ,B09C73X1L2,50の恵 コラーゲン養潤液プレミアム つめかえ用【医薬部外品】 癒しのオリーブシトラスの香り 200 ミリリットル,"1,073",12,0.07%,0.11%,"1,547",15,0.06%,0.10%,0.00%,0.00%,0,0,0.00%,0.00%,￥0,￥0,0,0
B09C7N8CLJ,B09C7N8CLJ,肌ラボ 極潤 薬用ハリ乳液 【医薬部外品】 無香料 140 ミリリットル,"2,603",20,0.16%,0.19%,"3,967",26,0.16%,0.16%,0.00%,0.00%,0,0,0.00%,0.00%,￥0,￥0,0,0
B0B9GLZLVQ,B09C7PDGGM,50の恵 コラーゲン養潤液プレミアム 高保湿オールインワン 癒しのオリーブシトラスの香り 【医薬部外品】 230ml,"1,599",20,0.10%,0.19%,"2,278",31,0.09%,0.20%,0.00%,0.00%,0,0,0.00%,0.00%,￥0,￥0,0,0
B09FZ8P3W4,B09FZ8P3W4,ペロQ 犬用おやつ ビーフ&チーズ（4本） チキン&ミルク（4本）まとめ買い【8本セット】,215,0,0.01%,0.00%,238,0,0.01%,0.00%,0.00%,0.00%,0,0,0.00%,0.00%,￥0,￥0,0,0
B09HQKV3DQ,B09J1QDK12,BRUNO コンパクトフロア空気清浄機 ホワイト ブルーノ 空気清浄機 小型 おしゃれ 花粉対策 花粉 除菌 脱臭 BOE081-WH,182,1,0.01%,0.01%,206,2,0.01%,0.01%,0.00%,0.00%,0,0,0.00%,0.00%,￥0,￥0,0,0
B09L1H1CCH,B09L1H1CCH,リベルタ カビ取り剤 【弱酸性デイリーカビ退治】カビダッシュ防カビ・抗菌プラス 排水口 パイプクリーナー ゴムパッキン 浴室 お風呂 リニューアル,44,0,0.00%,0.00%,63,0,0.00%,0.00%,0.00%,0.00%,0,0,0.00%,0.00%,￥0,￥0,0,0
B09L7QD1HP,B09L7QD1HP,M-GAMING USBマイクロフォン Thronmax ROSA EDITION ピンク MG-M4R,21,0,0.00%,0.00%,30,0,0.00%,0.00%,0.00%,0.00%,0,0,0.00%,0.00%,￥0,￥0,0,0
B0H86SZ78H,B09RK5KS2J,Diane(ダイアン) 【携帯用】 ドライシャンプー (水のいらないシャンプー) フレッシュマンゴー&ムスクの香り ダイアン パーフェクトビューティー 40g,"1,288",6,0.08%,0.06%,"1,566",12,0.06%,0.08%,0.00%,0.00%,0,0,0.00%,0.00%,￥0,￥0,0,0
B09ST434D7,B09ST434D7,お部屋の虫キラー フマキラー(Fumakilla) 1発ジェット,131,0,0.01%,0.00%,174,0,0.01%,0.00%,76.92%,0.00%,0,0,0.00%,0.00%,￥0,￥0,0,0
B0G2XYFY5M,B09TPSTJLV,【肌にやさしい】フィリップス 電動シェーバー 5000シリーズ 電動 髭剃り メンズ (27枚刃・回転式・お風呂剃り&丸洗い可) S5445/03 ブラック 【Amazon.co.jp限定】,"36,859",261,2.32%,2.46%,"55,421",401,2.30%,2.54%,0.01%,0.00%,0,0,0.00%,0.00%,￥0,￥0,0,0
B09W98WQXW,B09W8N2JH2,レック バルサン ダニ捕りシート ダニーノ (24枚入) 捕獲したダニごと捨てる H00392,927,16,0.06%,0.15%,"1,458",21,0.06%,0.13%,0.00%,0.00%,0,0,0.00%,0.00%,￥0,￥0,0,0
B0GMFK57X8,B09WWSX3GB,ハズブロ(HASBRO) スター・ウォーズ ブラックシリーズ ダース・ベイダー プレミアム エレクトロニックヘルメット F8103 スター・ウォーズ:オビ=ワン・ケノービロールプレイアイテム 電動,569,4,0.04%,0.04%,733,6,0.03%,0.04%,0.30%,0.00%,0,0,0.00%,0.00%,￥0,￥0,0,0
B09XXTB2XR,B09XXTB2XR,デビフ 鶏肉&チーズ 150g×3個 【まとめ買い】 150グラム (x 3),65,4,0.00%,0.04%,70,5,0.00%,0.03%,2.94%,0.00%,0,0,0.00%,0.00%,￥0,￥0,0,0
B0B46CWYZJ,B0B46CWYZJ,肌ラボ 白潤薬用美白化粧水しっとりタイプ つめかえ用 170mL 2,1,0,0.00%,0.00%,1,0,0.00%,0.00%,0.00%,0.00%,0,0,0.00%,0.00%,￥0,￥0,0,0
B0FV8SDV7N,B0B6J14CSV,フィリップス 電動シェーバー 9000シリーズ なめらかに深剃り,"3,300",27,0.21%,0.25%,"4,348",36,0.18%,0.23%,0.00%,0.00%,0,0,0.00%,0.00%,￥0,￥0,0,0
B0B6J1MLCK,B0B6J1MLCK,フィリップス 9000 シリーズ メンズ 電動シェーバー 電気シェーバー 髭剃り 72枚刃・360-Dフレックスヘッド・パーソナル フィット シェイビング/SkinIQテクノロジー S9697/31【2022年モデル】,"6,608",110,0.42%,1.04%,"11,715",174,0.49%,1.10%,0.00%,0.00%,0,0,0.00%,0.00%,￥0,￥0,0,0
B0B7WQ9Y46,B0B7WQ9Y46,オーシャントリコ シークレットメイク BBクリーム ナチュラル 30ｇ,451,3,0.03%,0.03%,616,3,0.03%,0.02%,0.00%,0.00%,0,0,0.00%,0.00%,￥0,￥0,0,0
B0B9WR58RY,B0B9WR58RY,Philips(フィリップス) HX6803/72(ライトブルー) ソニッケアー プロテクトクリーン,594,9,0.04%,0.08%,846,17,0.04%,0.11%,0.00%,0.00%,0,0,0.00%,0.00%,￥0,￥0,0,0
B0BJKC5DC5,B0BBGW4K9W,【旧型モデル】KATE(ケイト)ピンポイントカラースナイパー GN,517,1,0.03%,0.01%,631,1,0.03%,0.01%,0.00%,0.00%,0,0,0.00%,0.00%,￥0,￥0,0,0
B0BCGZP3JN,B0BCGZP3JN,ショーワグローブ【食品衛生法適合】ナイスハンド きれいな手 つかいきりグローブ 天然ゴム 100枚入 L 1函 ホワイト 左右兼用 粉なし,16,0,0.00%,0.00%,18,0,0.00%,0.00%,17.65%,0.00%,0,0,0.00%,0.00%,￥0,￥0,0,0
B0FNQZT93N,B0BCVFMLGJ,ラボン(Lavons) トゥザムーン to the Moon 柔軟剤 トワイライトマジックの香り 500ml,"3,856",25,0.24%,0.24%,"5,127",31,0.21%,0.20%,0.02%,0.00%,0,0,0.00%,0.00%,￥0,￥0,0,0
B0BD428L2F,B0BD43NW2J,極みのAg+抗菌綿棒 紙の個包装 100本入×15個,41,5,0.00%,0.05%,53,5,0.00%,0.03%,0.00%,0.00%,0,0,0.00%,0.00%,￥0,￥0,0,0
B0H2LX49KK,B0BD8LHBR4,ラボン(Lavons) トゥザムーン to the Moon ベッドルーム&ファブリックミスト トワイライトマジックの香り 300ml,"5,944",31,0.37%,0.29%,"8,107",40,0.34%,0.25%,0.00%,0.00%,0,0,0.00%,0.00%,￥0,￥0,0,0
B0F32T7TS4,B0BDRZBJLH,ニベア ロイヤルブルーボディクリーム 薬用うるおい密封ケア 160g 〔医薬部外品〕【無香料・無着色】【肌荒れ、ひびを防ぐ抗炎症成分配合】 本体,766,3,0.05%,0.03%,"1,049",3,0.04%,0.02%,0.00%,0.00%,0,0,0.00%,0.00%,￥0,￥0,0,0
B0BFC89KYF,B0BFC89KYF,コスメテックスローランド 柑橘王子 薬用メラノサーチクリーム【医薬部外品】180mL,55,0,0.00%,0.00%,62,0,0.00%,0.00%,0.00%,0.00%,0,0,0.00%,0.00%,￥0,￥0,0,0
B0CLNLRX8G,B0BHDCQND4,ONPO(温泡) 炭酸 入浴剤 [80錠入] 詰め合わせ (森・ゆず・桃・ローズ) 血行促進 肩のこり 腰痛 緩和 医薬部外品,318,7,0.02%,0.07%,397,9,0.02%,0.06%,0.00%,0.00%,0,0,0.00%,0.00%,￥0,￥0,0,0
B0BJTPYT7X,B0BJTPYT7X,蓄熱着る毛布 S,17,0,0.00%,0.00%,20,0,0.00%,0.00%,38.89%,0.00%,0,0,0.00%,0.00%,￥0,￥0,0,0
B0BJTWBXVP,B0BJTWBXVP,蓄熱着る毛布 M,25,0,0.00%,0.00%,30,0,0.00%,0.00%,40.00%,0.00%,0,0,0.00%,0.00%,￥0,￥0,0,0
B0F9WRKWJR,B0BKSPC5SK,Diane Be True(ダイアン ビートゥルー) ボディミルク [グリーン&ムスクの香り] リラックス リッチモイスチャー 本体 400ml 無添加,"1,529",5,0.10%,0.05%,"2,027",8,0.08%,0.05%,0.00%,0.00%,0,0,0.00%,0.00%,￥0,￥0,0,0
B0FV8SDV7N,B0BLGHWBVT,フィリップス 電動シェーバー 9000シリーズ なめらかに深剃り,"21,695",130,1.37%,1.22%,"32,431",205,1.35%,1.30%,0.00%,0.00%,0,0,0.00%,0.00%,￥0,￥0,0,0
B0BTLX9DDW,B0BLS3HVDZ,ShotNavi Evolve PRO(ショットナビ) ブラック 大画面カラー液晶 最新GPSチップ「M10」 GPSゴルフナビ ゴルフ距離計 ゴルフウォッチ 競技利用OK FF,481,9,0.03%,0.08%,621,14,0.03%,0.09%,0.00%,0.00%,0,0,0.00%,0.00%,￥0,￥0,0,0
B0BNQ1WFF9,B0BNQ1WFF9,クーリア [シール帳]マイシールバインダー/ガールズコラゾン ユニコーン,252,0,0.02%,0.00%,407,0,0.02%,0.00%,0.00%,0.00%,0,0,0.00%,0.00%,￥0,￥0,0,0
B0FTSPWQC3,B0BS3K6D56,Bulldog(ブルドッグ) オリジナル 替刃(4コ入) 髭剃り カミソリ,"6,009",46,0.38%,0.43%,"8,123",75,0.34%,0.48%,0.00%,0.00%,0,0,0.00%,0.00%,￥0,￥0,0,0
B0G2XYFY5M,B0BSFHF9JQ,フィリップス 電動シェーバー 5000シリーズ やさしく剃れる,"2,798",17,0.18%,0.16%,"4,000",23,0.17%,0.15%,0.00%,0.00%,0,0,0.00%,0.00%,￥0,￥0,0,0
B0BTLX9DDW,B0BTLX9DDW,距離計 ショットナビ(Shot Navi) ゴルフ 距離測定器 距離計 時計 ナビ GPS GPSナビ みちびき ショットナビ エヴォルヴ プロ Shot Navi Evolve PRO,38,2,0.00%,0.02%,48,2,0.00%,0.01%,0.00%,0.00%,0,0,0.00%,0.00%,￥0,￥0,0,0
B0BTRNFDZG,B0BTRNFDZG,【医薬部外品】ニベアＵＶ 薬用ジェル_ほてりを防ぐ消炎剤配合（ＳＰＦ３５／ＰＡ＋＋＋）,684,6,0.04%,0.06%,933,9,0.04%,0.06%,0.00%,0.00%,0,0,0.00%,0.00%,￥0,￥0,0,0
B0BTSB7VL4,B0BTSB7VL4,【医薬部外品】ニベアＵＶ 薬用エッセンス_ほてりを防ぐ消炎剤配合（ＳＰＦ３５／ＰＡ＋＋＋）,571,1,0.04%,0.01%,802,4,0.03%,0.03%,0.00%,0.00%,0,0,0.00%,0.00%,￥0,￥0,0,0
B0D73FG8ZX,B0BV96M8B5,LUX(ラックス) バスグロウ トリートメント 本体 490g ストレート&シャイン うねり補整 ケラチン配合,89,1,0.01%,0.01%,102,1,0.00%,0.01%,3.03%,0.00%,0,0,0.00%,0.00%,￥0,￥0,0,0
B0D73FG8ZX,B0BV9CXK2X,LUX(ラックス) バスグロウ シャンプー 本体 490g ストレート&シャイン うねり補整 ケラチン配合,214,2,0.01%,0.02%,260,2,0.01%,0.01%,0.00%,0.00%,0,0,0.00%,0.00%,￥0,￥0,0,0
B0BW86WWVP,B0BW86WWVP,フラワーブロッサム 本体,1,0,0.00%,0.00%,1,0,0.00%,0.00%,0.00%,0.00%,0,0,0.00%,0.00%,￥0,￥0,0,0
B0HFVJD97Z,B0BY19X8S3,ブラウン(Braun) ボディグルーマー PRO X XT5300-b ボディ ボディシェーバー 自然な長さに整える/剃り上げる 進化した4Dブレード カッティングエリアの面積が2倍に 腕 指 脚 ワキ デリケートゾーン 顔 6つのアタッチメント ボディ トリマー 【Amazon.co.jp 限定】,"111,984",187,7.06%,1.76%,"177,117",245,7.35%,1.55%,0.00%,0.00%,0,0,0.00%,0.00%,￥0,￥0,0,0
B0BY19X8S3,B0BY19X8S3,ブラウン(Braun) ボディグルーマー PRO X XT5300-b ボディ ボディシェーバー 自然な長さに整える/剃り上げる 進化した4Dブレード カッティングエリアの面積が2倍に 腕 指 脚 ワキ デリケートゾーン 顔 6つのアタッチメント ボディ トリマー 【Amazon.co.jp 限定】,"291,654",461,18.38%,4.34%,"502,392",699,20.85%,4.43%,0.00%,0.00%,0,0,0.00%,0.00%,￥0,￥0,0,0
B0H6FLWPNM,B0BY19X8S3,ブラウン(Braun) ボディグルーマー PRO X XT5300-b ボディ ボディシェーバー 自然な長さに整える/剃り上げる 進化した4Dブレード カッティングエリアの面積が2倍に 腕 指 脚 ワキ デリケートゾーン 顔 6つのアタッチメント ボディ トリマー 【Amazon.co.jp 限定】,"116,883",172,7.37%,1.62%,"185,505",236,7.70%,1.49%,0.00%,0.00%,0,0,0.00%,0.00%,￥0,￥0,0,0
B0CN54V1JD,B0BYHVBBKN,Nike メンズ トレーナー,62,0,0.00%,0.00%,70,0,0.00%,0.00%,79.10%,0.00%,0,0,0.00%,0.00%,￥0,￥0,0,0
B0C3X5WM97,B0BYRCK3YF,"Nike メンズ ダウンシフター 12 シューズ、ブラック/ブラック (Dm0919-002)、9 ワイド, ブラック、ダークスモークグレー-パーティクルグレー, 9 Wide",157,1,0.01%,0.01%,186,1,0.01%,0.01%,78.61%,100.00%,0,0,0.00%,0.00%,￥0,￥0,0,0
B0C3X5WM97,B0BYRD6F86,"Nike ダウンシフター12 4E (DM0919-002)_8, ブラック/Dk スモークグレー-パーティクルグレー, 8 Wide",78,0,0.00%,0.00%,90,0,0.00%,0.00%,64.20%,0.00%,0,0,0.00%,0.00%,￥0,￥0,0,0
B0BYYX4TM6,B0BYYX4TM6,白瑠 アイセラム 15g,3,0,0.00%,0.00%,6,0,0.00%,0.00%,0.00%,0.00%,0,0,0.00%,0.00%,￥0,￥0,0,0
B0C3CBZRWS,B0BZXL5DZ7,パナソニック ラムダッシュPRO メンズシェーバー 5枚刃 全自動洗浄充電器 充電中でも剃れる シルバー ES-LV7J-S,721,6,0.05%,0.06%,991,11,0.04%,0.07%,0.00%,0.00%,0,0,0.00%,0.00%,￥0,￥0,0,0
B0C3CBZRWS,B0BZXVF56J,パナソニック ラムダッシュPRO メンズシェーバー 5枚刃 充電中でも剃れる シルバー ES-LV5J-S,"1,804",18,0.11%,0.17%,"2,645",20,0.11%,0.13%,0.00%,0.00%,0,0,0.00%,0.00%,￥0,￥0,0,0
B0CV7PJ7YP,B0C27GG96R,ゴミ袋 取っ手付き ポリ袋 Lサイズ 300枚×2個セット 乳白 縦48cm×横25.5cm マチ13.5cm 取り出しやすい コンパクト 収納 ごみ袋,14,2,0.00%,0.02%,24,2,0.00%,0.01%,29.17%,100.00%,0,0,0.00%,0.00%,￥0,￥0,0,0
B0C3X5WM97,B0C3X5WM97,[ナイキ] ワイドシューズ (エクストラワイド-4E) オールアバウトワイドシューズ,5,0,0.00%,0.00%,7,0,0.00%,0.00%,0.00%,0.00%,0,0,0.00%,0.00%,￥0,￥0,0,0
B0GYF533B3,B0C3YTGLHD,柑橘王子 メラノサーチVitaC洗顔 120g,436,4,0.03%,0.04%,612,6,0.03%,0.04%,0.00%,0.00%,0,0,0.00%,0.00%,￥0,￥0,0,0
B0C3ZK69B1,B0C3ZK69B1,クマさんのジェルクッション M,8,0,0.00%,0.00%,8,0,0.00%,0.00%,100.00%,0.00%,0,0,0.00%,0.00%,￥0,￥0,0,0
B0C4GBW2CR,B0C4GBW2CR,【旧型モデル】ケイト リップモンスター 104,283,0,0.02%,0.00%,368,0,0.02%,0.00%,0.00%,0.00%,0,0,0.00%,0.00%,￥0,￥0,0,0
B0DVC1CQST,B0C57Z1XL4,フィリップス 電動シェーバー 5000シリーズ ワンランク上の快適な深剃り,"2,097",15,0.13%,0.14%,"3,001",23,0.12%,0.15%,0.00%,0.00%,0,0,0.00%,0.00%,￥0,￥0,0,0
B0F8W5CCFD,B0C5812GDQ,フィリップス 電動シェーバー 7000シリーズ 密着して剃れる,"5,682",40,0.36%,0.38%,"8,084",59,0.34%,0.37%,0.00%,0.00%,0,0,0.00%,0.00%,￥0,￥0,0,0
B0H5VK7LCM,B0C5X3DVGM,レイス(Race) ちいかわ はがせるマニキュア3本セット 230410,"4,071",19,0.26%,0.18%,"6,056",26,0.25%,0.16%,0.00%,0.00%,0,0,0.00%,0.00%,￥0,￥0,0,0
B0F8MRXQPG,B0C6JP73C6,ラボン(Lavons) トゥザムーン to the Moon ベッドルーム&ファブリックミスト トワイライトマジックの香り 詰め替え 大容量 600ml,"2,748",19,0.17%,0.18%,"4,097",28,0.17%,0.18%,0.00%,0.00%,0,0,0.00%,0.00%,￥0,￥0,0,0
B0C7GG37QV,B0C7GG37QV,ブラウン メンズシェーバー シリーズ5 51-W1200S-V,639,11,0.04%,0.10%,808,12,0.03%,0.08%,0.00%,0.00%,0,0,0.00%,0.00%,￥0,￥0,0,0
B0C7KPZQPS,B0C7KPZQPS,アイスノン 爆冷スプレー 無香料 大容量 冷却スプレー 3本セット,711,28,0.04%,0.26%,942,35,0.04%,0.22%,1.21%,0.00%,0,0,0.00%,0.00%,￥0,￥0,0,0
B0BS625WVW,B0C7VP75S6,L'Oreal Paris(ロレアルパリ) ウォーター トリートメント ジャンボサイズ,"1,147",9,0.07%,0.08%,"1,720",10,0.07%,0.06%,0.00%,0.00%,0,0,0.00%,0.00%,￥0,￥0,0,0
B0C8HBC8Q7,B0C8HBC8Q7,HX6877/56(ホワイト) ソニッケアー プロテクトクリーン プレミアム,"1,610",25,0.10%,0.24%,"2,555",30,0.11%,0.19%,0.00%,0.00%,0,0,0.00%,0.00%,￥0,￥0,0,0
B0CB65C7W3,B0CB65C7W3,ファブリーズ 消臭芳香剤 消臭+抗菌 トイレ用 ナチュラル・マウンテン・エア 6.3mLｘ2個,230,3,0.01%,0.03%,280,5,0.01%,0.03%,0.00%,0.00%,0,0,0.00%,0.00%,￥0,￥0,0,0
B0CB65N8RC,B0CB65N8RC,ファブリーズ 消臭芳香剤 消臭+抗菌 トイレ用 フレッシュ・クリーン・ラベンダー 6.3mLｘ2個,98,6,0.01%,0.06%,125,7,0.01%,0.04%,0.00%,0.00%,0,0,0.00%,0.00%,￥0,￥0,0,0
B0CB65SGYG,B0CB65SGYG,ファブリーズ 消臭芳香剤 消臭+抗菌 トイレ用 グリーン・シトラス・ガーデン 6.3mLｘ2個,211,7,0.01%,0.07%,269,8,0.01%,0.05%,0.00%,0.00%,0,0,0.00%,0.00%,￥0,￥0,0,0
B0CB68MNFL,B0CB68MNFL,ファブリーズ 消臭芳香剤 消臭+抗菌 トイレ用 ウルトラ・フレッシュ・シャボン 6.3mLｘ2個,542,20,0.03%,0.19%,712,23,0.03%,0.15%,0.00%,0.00%,0,0,0.00%,0.00%,￥0,￥0,0,0
B0H6FG97R1,B0CBPDCQLF,ブラウン 電気シェーバー シリーズ8 洗浄機付き 電動 髭剃り メンズ 【Amazon.co.jp 限定】 8560cc 5 in 1 100％防水設計 4+1 カットシステム 進化したキワぞり刃 夕方ヒゲ、ゼロへ 電動シェーバー 【最新2023年秋モデル】,"5,655",23,0.36%,0.22%,"7,999",28,0.33%,0.18%,0.03%,0.00%,0,0,0.00%,0.00%,￥0,￥0,0,0
B0CBPDCQLF,B0CBPDCQLF,ブラウン 電気シェーバー シリーズ8 洗浄機付き 電動 髭剃り メンズ 【Amazon.co.jp 限定】 8560cc 5 in 1 100％防水設計 4+1 カットシステム 進化したキワぞり刃 夕方ヒゲ、ゼロへ 電動シェーバー 【最新2023年秋モデル】,"32,439",164,2.04%,1.54%,"44,120",217,1.83%,1.37%,0.02%,0.79%,0,0,0.00%,0.00%,￥0,￥0,0,0
B0CC8LTJKM,B0CC8LTJKM,ペッツルート もっと虫よけエリアスマイル 60日S うさぎ,4,0,0.00%,0.00%,5,0,0.00%,0.00%,100.00%,0.00%,0,0,0.00%,0.00%,￥0,￥0,0,0
B0CCTZ3YP1,B0CCTZ3YP1,LUCIDO-L(ルシードエル) オイルトリートメント #EXヘアオイル シアーグロス,1,0,0.00%,0.00%,1,0,0.00%,0.00%,0.00%,0.00%,0,0,0.00%,0.00%,￥0,￥0,0,0
B0CCV4NMB3,B0CCV4NMB3,LUCIDO-L(ルシードエル) オイルトリートメント #EXヘアリペアオイル,1,0,0.00%,0.00%,1,0,0.00%,0.00%,0.00%,0.00%,0,0,0.00%,0.00%,￥0,￥0,0,0
B0CCXTDV4R,B0CCXTDV4R,"プロジェクター 小型【電動フォーカス】Lisowod 17000lm 着脱式バッテリー付き1080PフルHD WiFi6 Bluetooth5.2 プロジェクター タッチキー ズーム機能 300""大画面 4K対応家庭用プロジェクター HIFIスピーカー内蔵密閉光学設計を採用 静音projector 天井投影ホームシアターモバイルぷろじえくたーIOS/Android/パソコン/TVStick/PS5対応 日本語取扱書付き 永久修理サービス An1",16,0,0.00%,0.00%,32,0,0.00%,0.00%,95.65%,0.00%,0,0,0.00%,0.00%,￥0,￥0,0,0
B0CCZ43HJJ,B0CCZ43HJJ,887 ニトリスト,5,1,0.00%,0.01%,7,1,0.00%,0.01%,0.00%,0.00%,0,0,0.00%,0.00%,￥0,￥0,0,0
B0CDW8DL65,B0CD1BX571,メンソレータムリップ フラッシュティントリップ オレンジ 2個セット (6種のオイル配合 高保湿 美発色 落ちにくい UV対策 SPF26 PA+++),"1,483",15,0.09%,0.14%,"2,211",25,0.09%,0.16%,0.00%,0.00%,0,0,0.00%,0.00%,￥0,￥0,0,0
B0CDP1WPDD,B0CDP1WPDD,ナイスハンドきれいな手つかいきりグローブ,28,2,0.00%,0.02%,62,2,0.00%,0.01%,0.00%,0.00%,0,0,0.00%,0.00%,￥0,￥0,0,0
B0CDW8DL65,B0CDW8DL65,メンソレータムリップ フラッシュティントリップ 1個,1,0,0.00%,0.00%,1,0,0.00%,0.00%,0.00%,0.00%,0,0,0.00%,0.00%,￥0,￥0,0,0
B0CFKLQPXM,B0CFKLQPXM,『5袋セット』激冷えくん 熱中レスキュー ボディクールシート 鬼クール 20枚×2P レック 冷却用品,8,0,0.00%,0.00%,12,0,0.00%,0.00%,18.18%,0.00%,0,0,0.00%,0.00%,￥0,￥0,0,0
B0CGW3YDSF,B0CG6DGL47,ペティオ (Petio) 犬猫用マット 洗える やさしい手ざわりの４層あったかマットAWY Ｍ,32,0,0.00%,0.00%,45,0,0.00%,0.00%,35.71%,0.00%,0,0,0.00%,0.00%,￥0,￥0,0,0
B0DKMWS2XH,B0CG9CRLPF,ペティオ (Petio) 電気であたたかいペットのための厚型ソフトヒーター コントローラー付 2L,107,0,0.01%,0.00%,151,0,0.01%,0.00%,0.67%,0.00%,0,0,0.00%,0.00%,￥0,￥0,0,0
B0DKMWS2XH,B0CG9FRPBM,ペティオ (Petio) 電気であたたかいペットのための厚型ソフトヒーター コントローラー付 S,65,1,0.00%,0.01%,71,2,0.00%,0.01%,0.00%,0.00%,0,0,0.00%,0.00%,￥0,￥0,0,0
B0DX1943LS,B0CGRHPCQH,ビオレｕ ザ ボディ ぬれた肌に使うボディ乳液 金木犀の香り セット（フック+ノズル+つりさげパック300ｍｌ）お風呂場で立ったままワンプッシュボディクリーム,715,14,0.05%,0.13%,986,20,0.04%,0.13%,0.00%,0.00%,0,0,0.00%,0.00%,￥0,￥0,0,0
B0CGVL4GZZ,B0CGVL4GZZ,LUCIDO-L(ルシードエル) オイルトリートメント #EXヘアオイル リッチモイスチャー,1,0,0.00%,0.00%,1,0,0.00%,0.00%,0.00%,0.00%,0,0,0.00%,0.00%,￥0,￥0,0,0
B0F2M6NMWM,B0CJFL5J9T,アトリックス ハンドミルキーローション 140ｇ ハンドクリーム ハンドミルク 乳液,676,3,0.04%,0.03%,901,5,0.04%,0.03%,0.00%,0.00%,0,0,0.00%,0.00%,￥0,￥0,0,0
B0CJXT7K2T,B0CJXT7K2T,輝力士 ジムマット ラバーマット ゴムマット 20mm 硬度60～65 50cm*50cm 連結パーツ付き（無料） 防音マット筋トレ マット トレーニングマット ジム フロアマット 衝撃吸収 エクササイズ フィットネス ダンベルマット ラバートレーニングマット ゴム フロアマット 20mm トレーニング 防音 防振 床 防傷 プロ仕様,5,1,0.00%,0.01%,5,1,0.00%,0.01%,0.00%,0.00%,0,0,0.00%,0.00%,￥0,￥0,0,0
B0CJXT7K2T,B0CJXTB1RW,"輝力士 ジムマット ラバーマット ゴムマット 20mm 硬度60～65 50cm*50cm 連結パーツ付き（無料） 防音マット筋トレ マット トレーニングマット ジム フロアマット 衝撃吸収 エクササイズ フィットネス ダンベルマット ラバートレーニングマット ゴム フロアマット 20mm トレーニング 防音 防振 床 防傷 プロ仕様 (ブルー,4枚)",4,0,0.00%,0.00%,4,0,0.00%,0.00%,0.00%,0.00%,0,0,0.00%,0.00%,￥0,￥0,0,0
B0CKSBJBRP,B0CKSBJBRP,NANOX one(ナノックスワン) プロ 詰替ウルトラジャンボ1400g パウダリーソープ 菌の根幹まで遺伝子レベル洗浄で最高峰の洗浄・消臭力 洗濯洗剤 色変化防止 抗菌 ウイルス除去 洗濯槽のニオイ抑制 ダメージケア,650,9,0.04%,0.08%,828,10,0.03%,0.06%,0.00%,0.00%,0,0,0.00%,0.00%,￥0,￥0,0,0
B0CLNLRX8G,B0CLNLRX8G,温泡,1,0,0.00%,0.00%,1,0,0.00%,0.00%,0.00%,0.00%,0,0,0.00%,0.00%,￥0,￥0,0,0
B0CNW83WXS,B0CNW83WXS,【セット】ぬくっ子くつ用カイロすべり止め付5足入り×２袋セット,3,0,0.00%,0.00%,3,0,0.00%,0.00%,66.67%,0.00%,0,0,0.00%,0.00%,￥0,￥0,0,0
B0HGMCD9SF,B0CQP26KKQ,レック(LEC) サンリオ クロミ ウエットティシュケース 純水99.9% ウエットティシュ 付き,625,2,0.04%,0.02%,803,2,0.03%,0.01%,0.00%,0.00%,0,0,0.00%,0.00%,￥0,￥0,0,0
B0CQQXHFQR,B0CQP26KKQ,レック(LEC) サンリオ クロミ ウエットティシュケース 純水99.9% ウエットティシュ 付き,"1,958",7,0.12%,0.07%,"2,541",9,0.11%,0.06%,0.00%,0.00%,0,0,0.00%,0.00%,￥0,￥0,0,0
B0CQQXHFQR,B0CQQXHFQR,レック サンリオ ウェットティッシュケース,1,0,0.00%,0.00%,1,0,0.00%,0.00%,0.00%,0.00%,0,0,0.00%,0.00%,￥0,￥0,0,0
B0CSCSYB94,B0CSCSYB94,コールマン 虫よけ泡マーカー [不快害虫用] ハーブの香り 泡でテントを囲んで虫よせつけない! キャンプ アウトドアなどの虫よけに (アース製薬),"1,486",8,0.09%,0.08%,"1,796",8,0.07%,0.05%,0.00%,0.00%,0,0,0.00%,0.00%,￥0,￥0,0,0
B0CSMGSZ94,B0CSMGSZ94,ファブリーズ 消臭芳香剤 トイレ用 消臭成分最高レベル フレッシュ・ブルー・シャボン 6.3mLｘ2個,293,11,0.02%,0.10%,344,13,0.01%,0.08%,2.10%,7.69%,0,0,0.00%,0.00%,￥0,￥0,0,0
B0D8NMT864,B0CTB5P54T,NEXXUS(ネクサス) ネクサス リペアアンドカラープロテクト ヘアオイル,387,0,0.02%,0.00%,519,0,0.02%,0.00%,0.00%,0.00%,0,0,0.00%,0.00%,￥0,￥0,0,0
B0CZS152V2,B0CTB8T88Q,NEXXUS(ネクサス) リペアアンドカラープロテクト トリートメント ポンプ,246,0,0.02%,0.00%,315,0,0.01%,0.00%,0.00%,0.00%,0,0,0.00%,0.00%,￥0,￥0,0,0
B0H8BVK79S,B0CTQ1XFRL,ブラウン 電気シェーバー シリーズ5 電動 髭剃り メンズ 【Amazon.co.jp限定】 52-M1200s ミント キワゾリトリマー 防水設計 充電式 コードレス ディープキャッチ網刃 トラベルケース,"80,667",513,5.08%,4.83%,"124,406",797,5.16%,5.05%,0.00%,0.00%,0,0,0.00%,0.00%,￥0,￥0,0,0
B0CTQ1XFRL,B0CTQ1XFRL,ブラウン 電気シェーバー シリーズ5 電動 髭剃り メンズ 【Amazon.co.jp限定】 52-M1200s ミント キワゾリトリマー 防水設計 充電式 コードレス ディープキャッチ網刃 トラベルケース,"4,150",38,0.26%,0.36%,"6,635",59,0.28%,0.37%,0.00%,0.00%,0,0,0.00%,0.00%,￥0,￥0,0,0
B0HCMGXGQD,B0CTQ1XFRL,ブラウン 電気シェーバー シリーズ5 電動 髭剃り メンズ 【Amazon.co.jp限定】 52-M1200s ミント キワゾリトリマー 防水設計 充電式 コードレス ディープキャッチ網刃 トラベルケース,"28,660",177,1.81%,1.67%,"45,461",281,1.89%,1.78%,0.00%,0.00%,0,0,0.00%,0.00%,￥0,￥0,0,0
B0HGQYGVRH,B0CTQBV88B,ブラウン 電気シェーバー シリーズ7 洗浄機付き 電動 髭剃り メンズ 【Amazon.co.jp限定】 72-C7500cc ヒゲトリマー チタニウムゴールド,"1,870",10,0.12%,0.09%,"2,295",11,0.10%,0.07%,0.00%,0.00%,0,0,0.00%,0.00%,￥0,￥0,0,0
B0H8BVK79S,B0CTQBV88B,ブラウン 電気シェーバー シリーズ7 洗浄機付き 電動 髭剃り メンズ 【Amazon.co.jp限定】 72-C7500cc ヒゲトリマー チタニウムゴールド,"23,361",145,1.47%,1.37%,"33,468",198,1.39%,1.25%,0.00%,0.00%,0,0,0.00%,0.00%,￥0,￥0,0,0
B0HGQYGVRH,B0CTQDNSP7,ブラウン 電気シェーバー シリーズ7 電動 髭剃り メンズ 【Amazon.co.jp限定】 72-C1500s ヒゲトリマー チタニウムゴールド,"8,859",41,0.56%,0.39%,"13,669",77,0.57%,0.49%,0.00%,0.00%,0,0,0.00%,0.00%,￥0,￥0,0,0
B0H8BVK79S,B0CTQDNSP7,ブラウン 電気シェーバー シリーズ7 電動 髭剃り メンズ 【Amazon.co.jp限定】 72-C1500s ヒゲトリマー チタニウムゴールド,"32,980",183,2.08%,1.72%,"47,615",241,1.98%,1.53%,0.00%,0.00%,0,0,0.00%,0.00%,￥0,￥0,0,0
B0H2V2NFK2,B0CV7GXQQ1,Diane(ダイアン) 【携帯用】 デオドラントスプレー ボディ用 ドライシャンプー [UVケア]グレープフルーツ&ペパーミントの香り 40g +BODY プラスボディ 制汗 スプレー,421,2,0.03%,0.02%,556,2,0.02%,0.01%,0.18%,0.00%,0,0,0.00%,0.00%,￥0,￥0,0,0
B0H2V2NFK2,B0CV7JSHCW,Diane(ダイアン) デオドラントスプレー ボディ用 ドライシャンプー [UVケア]グレープフルーツ&ペパーミントの香り 95g +BODY プラスボディ 制汗 スプレー,"1,026",6,0.06%,0.06%,"1,408",9,0.06%,0.06%,0.00%,0.00%,0,0,0.00%,0.00%,￥0,￥0,0,0
B0FX9THSC9,B0CVL2TKZW,アタックZERO アタック液体史上 最高の清潔力。無菌レベルの消臭力 ドラム式専用 大サイズ 本体,598,6,0.04%,0.06%,754,8,0.03%,0.05%,0.00%,0.00%,0,0,0.00%,0.00%,￥0,￥0,0,0
B0CVL5DS7F,B0CVL5DS7F,アタックZERO アタック液体史上 最高の清潔力。無菌レベルの消臭力 ワンハンドタイプ,"1,013",26,0.06%,0.24%,"1,275",35,0.05%,0.22%,0.00%,0.00%,0,0,0.00%,0.00%,￥0,￥0,0,0
B0CVL8GXLL,B0CVL8GXLL,アタックZERO アタック液体史上 最高の清潔力。無菌レベルの消臭力 大サイズ 本体,"1,433",35,0.09%,0.33%,"1,956",55,0.08%,0.35%,0.00%,0.00%,0,0,0.00%,0.00%,￥0,￥0,0,0
B0FX9THSC9,B0CVM8ZV39,アタックZERO アタック液体史上 最高の清潔力。無菌レベルの消臭力 ドラム式専用 ワンハンドタイプ,770,21,0.05%,0.20%,"1,037",23,0.04%,0.15%,0.00%,0.00%,0,0,0.00%,0.00%,￥0,￥0,0,0
B0CVQJ7F5D,B0CVQJ7F5D,[モレーンコーポレーション] 取出しやすい 医療用品メーカー 食品衛生法適合 グレイシアハイジーン,2,0,0.00%,0.00%,2,0,0.00%,0.00%,0.00%,0.00%,0,0,0.00%,0.00%,￥0,￥0,0,0
B0G62MFZ8L,B0CVS37JDK,ビオレ Bioré Zｅｒｏ お風呂で使う汗ケアローション 無香性 200ｍｌ,"6,136",89,0.39%,0.84%,"8,672",148,0.36%,0.94%,0.00%,0.00%,0,0,0.00%,0.00%,￥0,￥0,0,0
B0GTCFXVVX,B0CVXCGV99,レノア Lenor オードリュクス 香り付け専用ビーズ マインドフルネスシリーズ サンデー 詰め替え 855mL,"1,353",27,0.09%,0.25%,"1,935",36,0.08%,0.23%,0.00%,0.00%,0,0,0.00%,0.00%,￥0,￥0,0,0
B0CWKPLGB8,B0CWKPLGB8,アタックZERO アタック液体史上 最高の清潔力。無菌レベルの消臭力 部屋干し 大サイズ 本体,728,15,0.05%,0.14%,975,22,0.04%,0.14%,0.00%,0.00%,0,0,0.00%,0.00%,￥0,￥0,0,0
B0H4LHYTMH,B0CX11ZTQT,ブラウン 電動歯ブラシ オーラルB 【プレミアムモデル】iO7 歯科クリーニングのような磨き上がり トラベルケース+ 替えブラシ3本付き iOM7.3V2.2K BK 防水 歯科医推奨No.1ブランド【Amazon.co.jp 限定】,"17,216",169,1.08%,1.59%,"23,963",242,0.99%,1.53%,0.00%,0.00%,0,0,0.00%,0.00%,￥0,￥0,0,0
B0G628ZM5L,B0CXDF85SH,リーゼ ブリーチオンカラー フランネルフラワーベージュ,"2,145",12,0.14%,0.11%,"2,880",14,0.12%,0.09%,0.00%,0.00%,0,0,0.00%,0.00%,￥0,￥0,0,0
B0G62KR882,B0CXDGZGVT,リーゼ 泡ブリーチ ナチュラルトーン,"2,072",8,0.13%,0.08%,"2,977",9,0.12%,0.06%,0.00%,0.00%,0,0,0.00%,0.00%,￥0,￥0,0,0
B0GY7Y7VWQ,B0CXDJMBSQ,リーゼ ブリーチオンカラー ラナンキュラスオレンジ,"1,244",11,0.08%,0.10%,"1,702",22,0.07%,0.14%,0.13%,0.00%,0,0,0.00%,0.00%,￥0,￥0,0,0
B0GY7Y7VWQ,B0CXDLHH2D,リーゼ ブリーチオンカラー さくらピンク,"3,448",17,0.22%,0.16%,"4,524",19,0.19%,0.12%,0.00%,0.00%,0,0,0.00%,0.00%,￥0,￥0,0,0
B0D6RBGR2D,B0CXHYSH9B,ペティオ (Petio) 犬猫用マット 電気を使わない アルミ＆ジェル ソフトクールマット M,50,0,0.00%,0.00%,63,0,0.00%,0.00%,28.33%,0.00%,0,0,0.00%,0.00%,￥0,￥0,0,0
B0D6N3VG63,B0CXHZ5XZD,ペティオ (Petio) 犬用おもちゃ ひんやりぬいぐるみ アイス,103,1,0.01%,0.01%,155,1,0.01%,0.01%,0.00%,0.00%,0,0,0.00%,0.00%,￥0,￥0,0,0
B0D6N5XP2S,B0CXJ3Y11L,ペティオ (Petio) 犬猫用マット 広々寝そべれるクールアルミピローシートHNZ M,43,0,0.00%,0.00%,70,0,0.00%,0.00%,0.00%,0.00%,0,0,0.00%,0.00%,￥0,￥0,0,0
B0CYP9BM5T,B0CYP9BM5T,やわらか冷感マットM,61,1,0.00%,0.01%,84,1,0.00%,0.01%,0.00%,0.00%,0,0,0.00%,0.00%,￥0,￥0,0,0
B0CYPBRJ4H,B0CYPBRJ4H,やわらか冷感マットL,64,0,0.00%,0.00%,101,0,0.00%,0.00%,0.00%,0.00%,0,0,0.00%,0.00%,￥0,￥0,0,0
B0F9P624XX,B0CZX177M4,アリエール MiRAi 洗濯洗剤 濃縮 漂白剤級の消臭プラス* 詰め替え 約2.2倍/640g[タテ・ドラム式OK],471,2,0.03%,0.02%,654,2,0.03%,0.01%,0.00%,0.00%,0,0,0.00%,0.00%,￥0,￥0,0,0
B0F9P624XX,B0CZXCVH5P,アリエール MiRAi 洗濯洗剤 濃縮 漂白剤級の消臭プラス* 詰め替え 約3.2倍/920g[タテ・ドラム式OK],666,1,0.04%,0.01%,965,1,0.04%,0.01%,0.00%,0.00%,0,0,0.00%,0.00%,￥0,￥0,0,0
B0F9P624XX,B0CZXQNBMH,アリエール MiRAi 洗濯洗剤 濃縮 漂白剤級の消臭プラス* 詰め替え 約4.3倍/1.22kg[タテ・ドラム式OK],266,6,0.02%,0.06%,355,9,0.01%,0.06%,0.00%,0.00%,0,0,0.00%,0.00%,￥0,￥0,0,0
B0F8VLPRYP,B0D46JFXTR,【肌にやさしい】フィリップス 電動シェーバー 9000シリーズ 洗浄機付きモデル 電動 髭剃り メンズ (72枚刃・回転式・お風呂剃り & 丸洗い可・) S9980/50 アドリアブルー 【Amazon.co.jp限定】,"2,798",15,0.18%,0.14%,"3,810",25,0.16%,0.16%,0.00%,0.00%,0,0,0.00%,0.00%,￥0,￥0,0,0
B0H8NGPB59,B0D5CMG6TL,Gyutto（ギュット） コルセットヘアマスク 200g （トステアトリートメント うねりケア 縮毛・ダメージ補修 ヘアマスク ヘアパック ヘアトリートメント）,"27,516",128,1.73%,1.21%,"38,537",168,1.60%,1.06%,0.00%,0.00%,0,0,0.00%,0.00%,￥0,￥0,0,0
B0D78FFZ99,B0D62LZH1R,MilagrosEyes ミラグロスアイズ つけまつげ 部分用 つけま 軽量 軽い 束感 自然 ナチュラル 部分用つけまつげ (No7),33,1,0.00%,0.01%,40,1,0.00%,0.01%,2.78%,0.00%,0,0,0.00%,0.00%,￥0,￥0,0,0
B0D6LCC76L,B0D6LCC76L,[ナイキ] コート ビジョン ロー NN W COURT VISION LO NN ブラック/ホワイト DH3158-003 日本国内正規品,77,1,0.00%,0.01%,112,1,0.00%,0.01%,0.00%,0.00%,0,0,0.00%,0.00%,￥0,￥0,0,0
B0D6LCC76L,B0D6LFJ81H,[ナイキ] コート ビジョン ロー NN W COURT VISION LO NN ブラック/ホワイト DH3158-003 日本国内正規品 23.5cm,"1,405",7,0.09%,0.07%,"1,882",8,0.08%,0.05%,0.06%,0.00%,0,0,0.00%,0.00%,￥0,￥0,0,0
B0D6LCC76L,B0D6LFJLHC,[ナイキ] コート ビジョン ロー NN W COURT VISION LO NN ブラック/ホワイト DH3158-003 日本国内正規品 23.0cm,"1,713",7,0.11%,0.07%,"2,367",7,0.10%,0.04%,0.00%,0.00%,0,0,0.00%,0.00%,￥0,￥0,0,0
B0D76J7THK,B0D76J7THK,Procter & Gamble P&G レノア 超消臭 煮沸レベル消臭 抗菌ビーズ 消臭+防カビ クリーンフレッシュ 詰替用 特大サイズ 1040mL,169,3,0.01%,0.03%,215,4,0.01%,0.03%,0.00%,0.00%,0,0,0.00%,0.00%,￥0,￥0,0,0
B0D7BYGX43,B0D7BYGX43,Kindsion プロジェクター ワイヤレス LAN モジュール ELPAP10 エプソン EB-1761W EB-1771W EB-1776W EB-1970W EB-1975W EB-1985WU EB-2040 EB-S04 EB-S05 EB-S31 EB-S41 EB-U04用 EB-U0。 5、EB-W04、EB-W05。,40,2,0.00%,0.02%,52,7,0.00%,0.04%,0.00%,0.00%,0,0,0.00%,0.00%,￥0,￥0,0,0
B0DM1RLGNW,B0D9ZG8RN4,ハミングフレア リッチフローラル詰め替え大容量2500ml,"1,158",25,0.07%,0.24%,"1,589",36,0.07%,0.23%,0.00%,0.00%,0,0,0.00%,0.00%,￥0,￥0,0,0
B0DB26NNNR,B0DB26NNNR,ニトリスト,34,1,0.00%,0.01%,71,1,0.00%,0.01%,0.00%,0.00%,0,0,0.00%,0.00%,￥0,￥0,0,0
B0H8WHNNHB,B0DB48CFG7,ブラウン 電動歯ブラシ オーラルB【電動初心者の決定版】iO2 iOS21D90BK ブラック 防水 歯科医推奨No.1ブランド【Amazon.co.jp 限定】,"76,508",564,4.82%,5.31%,"115,386",843,4.79%,5.34%,0.00%,0.00%,0,0,0.00%,0.00%,￥0,￥0,0,0
B0DM1RLGNW,B0DBQHCZJN,ハミングフレア リッチ&フローラルの香りつめかえ大容量2500ml×4個【ケース販売】,381,5,0.02%,0.05%,537,8,0.02%,0.05%,0.00%,0.00%,0,0,0.00%,0.00%,￥0,￥0,0,0
B0DD3WLX4K,B0DD3WLX4K,ペティオ (Petio) 猫用ベッド あったかくつろぎベッド クッション付 ネコ耳ドーム ネイビーブルー,12,0,0.00%,0.00%,18,0,0.00%,0.00%,20.00%,0.00%,0,0,0.00%,0.00%,￥0,￥0,0,0
B0DDTHXYYQ,B0DDTHXYYQ,花王 ハミングフレア リッチフローラル 詰替 940mL,82,4,0.01%,0.04%,90,4,0.00%,0.03%,0.00%,0.00%,0,0,0.00%,0.00%,￥0,￥0,0,0
B0DFCLML8Z,B0DFCLML8Z,【6個セット】 いなばペットフード CIAO 焼本かつお 高齢猫用 かつお節味 1本,23,0,0.00%,0.00%,36,0,0.00%,0.00%,12.50%,0.00%,0,0,0.00%,0.00%,￥0,￥0,0,0
B0H8G9LLS7,B0DFFZZXQW,パナソニック 電動歯ブラシ ドルツ 【Amazon.co.jp限定】 ハイグレードモデル W音波振動 歯垢除去 黒 EW-NDPD6-K,"5,588",78,0.35%,0.73%,"7,312",119,0.30%,0.75%,0.00%,0.00%,0,0,0.00%,0.00%,￥0,￥0,0,0
B0DGQMZZQZ,B0DGQM622X,ニチドウ Dr.PRO. ドクター・プロ ベビーミルクスーパーIGP 幼猫用 100g ×2（オリジナルおしぼり付） (2個),9,0,0.00%,0.00%,12,0,0.00%,0.00%,0.00%,0.00%,0,0,0.00%,0.00%,￥0,￥0,0,0
B0DGQMHPKQ,B0DGQMHPKQ, ,7,0,0.00%,0.00%,9,0,0.00%,0.00%,100.00%,0.00%,0,0,0.00%,0.00%,￥0,￥0,0,0
B0G1H9B4K2,B0DGQQGD2K,【まとめ買い】アース・ペット スタミノール 食欲がない時に 犬・猫用 100g ×2個 (200g),2,0,0.00%,0.00%,2,0,0.00%,0.00%,0.00%,0.00%,0,0,0.00%,0.00%,￥0,￥0,0,0
B0DGY42SR6,B0DGY42SR6,アース・ペット 猫スタミノール 食欲 50g ×２本セット サプリ,19,2,0.00%,0.02%,19,2,0.00%,0.01%,84.21%,100.00%,0,0,0.00%,0.00%,￥0,￥0,0,0
B0DHSC99D3,B0DHSC99D3,バブ ナイトアロマ 12錠入(4種類×3錠) 炭酸 入浴剤 薬用 [医薬部外品],1,0,0.00%,0.00%,1,0,0.00%,0.00%,0.00%,0.00%,0,0,0.00%,0.00%,￥0,￥0,0,0
B0DK8ZDC8J,B0DK8ZDC8J,マイシールバインダー フルフルベアーズ,373,2,0.02%,0.02%,534,3,0.02%,0.02%,0.00%,0.00%,0,0,0.00%,0.00%,￥0,￥0,0,0
B0DR8RT35T,B0DKF48FLP,ファブリーズ 消臭芳香剤 車用 イージークリップ さくらフローラル 2.4mLｘ2個,207,1,0.01%,0.01%,251,1,0.01%,0.01%,1.75%,0.00%,0,0,0.00%,0.00%,￥0,￥0,0,0
B0DKSGNRCF,B0DKSB8SFX,ドクターズチョイス ゴートミルク(ヤギミルク) 犬猫用みるく 120g ×3袋（オリジナルおしぼり付き） (3袋),7,0,0.00%,0.00%,10,0,0.00%,0.00%,100.00%,0.00%,0,0,0.00%,0.00%,￥0,￥0,0,0
B0DM5LGBY2,B0DM5LGBY2,国泰ジャパン secret base ミルクパック 交換用 爪とぎ 猫ハウス キャットハウス,2,0,0.00%,0.00%,2,0,0.00%,0.00%,100.00%,0.00%,0,0,0.00%,0.00%,￥0,￥0,0,0
B0DMF4QD8H,B0DMF4QD8H,国泰ジャパン secret base ステップハウス 交換用 爪とぎ 猫ハウス キャットハウス,1,0,0.00%,0.00%,2,0,0.00%,0.00%,100.00%,0.00%,0,0,0.00%,0.00%,￥0,￥0,0,0
B0DZP2Y4JX,B0DMZ5Q8R7,Nexxus 【セット買い】(ネクサス) インテンスダメージリペア シャンプー+コンディショナー(トリートメント) 各440g 1回分おまけ付き 日本製,"1,524",7,0.10%,0.07%,"2,302",10,0.10%,0.06%,0.00%,0.00%,0,0,0.00%,0.00%,￥0,￥0,0,0
B0DMZNB3P1,B0DMZNB3P1,NEXXUS(ネクサス) 【セット買い】リペアアンドカラープロテクト シャンプー+コンディショナー(トリートメント) 各440g 1回分おまけ付き 日本製,40,0,0.00%,0.00%,49,0,0.00%,0.00%,0.00%,0.00%,0,0,0.00%,0.00%,￥0,￥0,0,0
B0DZP2Y4JX,B0DMZNB3P1,NEXXUS(ネクサス) 【セット買い】リペアアンドカラープロテクト シャンプー+コンディショナー(トリートメント) 各440g 1回分おまけ付き 日本製,42,0,0.00%,0.00%,44,0,0.00%,0.00%,0.00%,0.00%,0,0,0.00%,0.00%,￥0,￥0,0,0
B0FCY4XT2J,B0DNT5KW48,【セット品】日本ペットフード バーディー うずらフード １ｋｇ 鳥 フード 餌 えさ 種 穀類 (３袋),2,0,0.00%,0.00%,2,0,0.00%,0.00%,0.00%,0.00%,0,0,0.00%,0.00%,￥0,￥0,0,0
B0DPZ3C1WC,B0DPZ3C1WC,ユニ・チャーム グランデリサッポロポテトバーベQチーズ 20g,11,0,0.00%,0.00%,12,0,0.00%,0.00%,100.00%,0.00%,0,0,0.00%,0.00%,￥0,￥0,0,0
B0DQ82VY54,B0DQ82VY54,クラックス カット ピースシール なっとうちゃん 127446,81,0,0.01%,0.00%,96,0,0.00%,0.00%,0.00%,0.00%,0,0,0.00%,0.00%,￥0,￥0,0,0
B0DQ86B7G8,B0DQ86B7G8,サンライズ ゴン太の歯磨き専用ガムSSサイズ L8020乳酸菌入り ブルーベリー味 120g 2袋セット 犬用,21,0,0.00%,0.00%,29,0,0.00%,0.00%,100.00%,0.00%,0,0,0.00%,0.00%,￥0,￥0,0,0
B0HFVJD97Z,B0DSJB2627,ブラウン 電気シェーバー シリーズ9 SPORT 電動 髭剃り メンズ 9360cc 【Amazon.co.jp 限定】6in1アルコール洗浄システム付 シェーバーケース付 ブラック,"4,012",32,0.25%,0.30%,"6,094",45,0.25%,0.29%,0.00%,0.00%,0,0,0.00%,0.00%,￥0,￥0,0,0
B0H8BXC94Q,B0DSJB2627,ブラウン 電気シェーバー シリーズ9 SPORT 電動 髭剃り メンズ 9360cc 【Amazon.co.jp 限定】6in1アルコール洗浄システム付 シェーバーケース付 ブラック,"116,529",645,7.34%,6.08%,"167,184",951,6.94%,6.02%,0.00%,0.00%,0,0,0.00%,0.00%,￥0,￥0,0,0
B0DYCNJYT8,B0DTH88H1S,レノア アロマジュエル HOTEL お洗濯の香り付けビーズ ホワイトムスクの香り 本体 420mL,"5,812",43,0.37%,0.41%,"8,686",63,0.36%,0.40%,0.00%,0.00%,0,0,0.00%,0.00%,￥0,￥0,0,0
B0DV57G9Z1,B0DV57G9Z1,花王 ハミングFフレグランス フローラル＆スウィート2L 420633,2,0,0.00%,0.00%,4,0,0.00%,0.00%,100.00%,0.00%,0,0,0.00%,0.00%,￥0,￥0,0,0
B0DVSL2RGH,B0DVSL2RGH,NEXXUS(ネクサス) インテンスダメージリペア ピーチ＆ジャスミン シャンプー トリートメント 本体セット 440g+440g,416,1,0.03%,0.01%,538,1,0.02%,0.01%,0.00%,0.00%,0,0,0.00%,0.00%,￥0,￥0,0,0
B0G2HSNX3G,B0DVSRWNNX,クーリア シール ハピピチョアチョアポップシール ねこねこ 91206,329,2,0.02%,0.02%,392,2,0.02%,0.01%,0.00%,0.00%,0,0,0.00%,0.00%,￥0,￥0,0,0
B0G2HSNX3G,B0DVSTCMHN,クーリア シール ハピピチョアチョアポップシール わんわん 91205,322,0,0.02%,0.00%,391,0,0.02%,0.00%,2.34%,0.00%,0,0,0.00%,0.00%,￥0,￥0,0,0
B0GJR88FN8,B0DVSV4W6Q,クーリア バインダー マイシールバインダー エナガシロップ 91213,"1,269",4,0.08%,0.04%,"2,031",4,0.08%,0.03%,0.00%,0.00%,0,0,0.00%,0.00%,￥0,￥0,0,0
B0G2HSNX3G,B0DVSVKP1W,クーリア シール ハピピチョアチョアポップシール うさうさ 91203,268,0,0.02%,0.00%,306,0,0.01%,0.00%,5.02%,0.00%,0,0,0.00%,0.00%,￥0,￥0,0,0
B0GJR88FN8,B0DVSW1YS7,クーリア バインダー マイシールバインダー フルフルパピー 91209,388,0,0.02%,0.00%,472,0,0.02%,0.00%,0.00%,0.00%,0,0,0.00%,0.00%,￥0,￥0,0,0
B0F18S5YX3,B0DWXLFL51,ラビオーム 【ロート製薬】 バリアビオソープ 詰替 150ml (乳酸菌 弱酸性 防腐剤フリー 敏感肌パッチテスト済),"1,051",6,0.07%,0.06%,"1,387",6,0.06%,0.04%,0.00%,0.00%,0,0,0.00%,0.00%,￥0,￥0,0,0
B0DYCNJYT8,B0DYCNJYT8,レノア アロマジュエル HOTEL お洗濯の香り付けビーズ ホワイトムスクの香り,1,1,0.00%,0.01%,1,1,0.00%,0.01%,0.00%,0.00%,0,0,0.00%,0.00%,￥0,￥0,0,0
B0DYHF8897,B0DYHF8897,ファブリーズ 消臭芳香剤 玄関用 ホワイトムスクの香り 詰め替え入り本体ケース 7mL+詰め替え 7mL×2個,934,3,0.06%,0.03%,"1,241",3,0.05%,0.02%,0.00%,0.00%,0,0,0.00%,0.00%,￥0,￥0,0,0
B0DYS915XX,B0DYNL9BD5,イカリ消毒 ムシクリンカメムシ用ジャンボエアゾール 550ml×24本 殺虫剤 カメムシ 駆除 強力噴射 6ヶ月持続 屋外用,3,0,0.00%,0.00%,5,0,0.00%,0.00%,100.00%,0.00%,0,0,0.00%,0.00%,￥0,￥0,0,0
B0DZ2G215Y,B0DZ2G215Y,ペティオ (Petio) 猫用ベッド ひんやりくつろぎベッド クッション付ネコ耳ドームHNA クールブルー,69,0,0.00%,0.00%,84,0,0.00%,0.00%,0.00%,0.00%,0,0,0.00%,0.00%,￥0,￥0,0,0
B0DZ2G6JDY,B0DZ2G6JDY,ペティオ (Petio) 猫用ハンモック necoco広々涼めるキャットハンモックHNA グレイ＆ネイビー,161,4,0.01%,0.04%,402,4,0.02%,0.03%,0.00%,0.00%,0,0,0.00%,0.00%,￥0,￥0,0,0
B0DZ2LRXCK,B0DZ2LRXCK,ペティオ (Petio) 猫用ハンモック necoco広々涼めるキャットハンモックHNA ブルー＆グレイ,80,0,0.01%,0.00%,109,0,0.00%,0.00%,11.00%,0.00%,0,0,0.00%,0.00%,￥0,￥0,0,0
B0DZ5M7VSV,B0DZ5M7VSV,【終売品】レノア Lenor オードリュクス 柔軟剤 シダーウッド&ベルガモットハーブの香り 本体 475mL,"1,494",15,0.09%,0.14%,"2,082",23,0.09%,0.15%,0.00%,0.00%,0,0,0.00%,0.00%,￥0,￥0,0,0
B0H2TM8PPN,B0F2FFW7YC,レノア 煮沸レベル超消臭 抗菌ビーズ SPORTS クールリフレッシュ&シトラスの香り 本体 420mL 柔軟剤と一緒に使って効果長続き,"8,663",63,0.55%,0.59%,"12,695",86,0.53%,0.54%,0.00%,0.00%,0,0,0.00%,0.00%,￥0,￥0,0,0
B0F2HX697Z,B0F2HX697Z,クラシエホームプロダクツ いち髪 ペアセット(なめらか) 480ml+480g,43,0,0.00%,0.00%,45,0,0.00%,0.00%,2.38%,0.00%,0,0,0.00%,0.00%,￥0,￥0,0,0
B0F2SPV2W1,B0F2SPV2W1,チャオ (CIAO) ちゅ~る とりささみバラエティ 14g×40本 BOX,"1,475",10,0.09%,0.09%,"1,938",14,0.08%,0.09%,0.00%,0.00%,0,0,0.00%,0.00%,￥0,￥0,0,0
B0F2T1WVDB,B0F2T1WVDB,チャオ (CIAO) ちゅ～るごはん シニア猫用バラエティ 14g×36本 猫用おやつ BOX,"4,489",48,0.28%,0.45%,"6,764",65,0.28%,0.41%,0.03%,0.00%,0,0,0.00%,0.00%,￥0,￥0,0,0
B0GQZ4Q7CS,B0F3N7P243,[ 公式/小林製薬 ] 熱さまシート 強冷感 大人用 冷却シート 肌にやさしい 弱酸性 12枚,629,13,0.04%,0.12%,925,28,0.04%,0.18%,0.00%,0.00%,0,0,0.00%,0.00%,￥0,￥0,0,0
B0F4K2KJKF,B0F4K2KJKF,【終売品】レノア Lenor オードリュクス 柔軟剤 シダーウッド&ベルガモットハーブの香り 詰め替え 680mL,"2,412",24,0.15%,0.23%,"3,525",29,0.15%,0.18%,0.00%,0.00%,0,0,0.00%,0.00%,￥0,￥0,0,0
B0F62WSPRM,B0F62WSPRM,レノア P&G オードリュクス 柔軟剤 シダーウッド&ベルガモットハーブの香り 詰め替え 超特大 1050ml,778,10,0.05%,0.09%,"1,084",13,0.04%,0.08%,0.00%,0.00%,0,0,0.00%,0.00%,￥0,￥0,0,0
B0F65744TW,B0F65744TW,【Amazon.co.jp限定】 タカラトミー(TAKARA TOMY) リカちゃん ドール おでかけワンピースいっぱいセット 着せ替え おままごと おもちゃ 3歳以上,154,1,0.01%,0.01%,183,2,0.01%,0.01%,0.00%,0.00%,0,0,0.00%,0.00%,￥0,￥0,0,0
B0F74CPHD1,B0F74CPHD1,【3個セット】アース・ペット BOTANICAL ボタニカル 虫よけスプレー 120ml×3 犬 猫 天然由来成分 なめても安心,7,0,0.00%,0.00%,8,0,0.00%,0.00%,0.00%,0.00%,0,0,0.00%,0.00%,￥0,￥0,0,0
B0F937H5MN,B0F937H5MN,【公式】ICY ZAP アイシーザップ ネッククーラー サマーシャーベットの香り (サマーシャーベット),144,0,0.01%,0.00%,201,0,0.01%,0.00%,1.67%,0.00%,0,0,0.00%,0.00%,￥0,￥0,0,0
B0F93NYRVV,B0F93NYRVV,【公式】ICY ZAP アイシーザップ クールドライシャンプー サマーシャーベットの香り 暑さ対策 クール 頭ひんやり スッキリ 冷感 汗対策 風呂キャンセル界隈 頭皮 身体兼用 55mL,93,1,0.01%,0.01%,113,1,0.00%,0.01%,0.00%,0.00%,0,0,0.00%,0.00%,￥0,￥0,0,0
B0F948CN5F,B0F948CN5F,[ショーワグローブ] ニトリル手袋・黒・使いきり手袋 No.891 ニトリスト・ブラック 100枚入 ブラック SSサイズ 1函 左右兼用 食品衛生法適合 パウダーフリー ラテックスフリー,16,0,0.00%,0.00%,19,0,0.00%,0.00%,0.00%,0.00%,0,0,0.00%,0.00%,￥0,￥0,0,0
B0DB26NNNR,B0F948CN5F,[ショーワグローブ] ニトリル手袋・黒・使いきり手袋 No.891 ニトリスト・ブラック 100枚入 ブラック SSサイズ 1函 左右兼用 食品衛生法適合 パウダーフリー ラテックスフリー,93,1,0.01%,0.01%,116,1,0.00%,0.01%,0.00%,0.00%,0,0,0.00%,0.00%,￥0,￥0,0,0
B0GF7ZFWB4,B0FBT9F7Q1,アリエール 液体 1720g 部屋干し＆スポーツ漂白剤レベル消臭 洗濯洗剤 詰め替え,831,9,0.05%,0.08%,"1,286",14,0.05%,0.09%,0.00%,0.00%,0,0,0.00%,0.00%,￥0,￥0,0,0
B0FCFHH3MZ,B0FCFHH3MZ,アリエール 液体 1720g 洗濯槽まるごと除菌＋カビ撃減 洗濯洗剤 詰め替え,64,0,0.00%,0.00%,79,0,0.00%,0.00%,0.00%,0.00%,0,0,0.00%,0.00%,￥0,￥0,0,0
B0FDKD8JWK,B0FCS3NVMK,マイシールバインダー キャンディツインズ,"1,371",6,0.09%,0.06%,"2,016",7,0.08%,0.04%,0.00%,0.00%,0,0,0.00%,0.00%,￥0,￥0,0,0
B0FD7JND1F,B0FD7JND1F,P&G レノア消臭抗菌ビーズMEN ムスク 特大 1040ml,175,4,0.01%,0.04%,209,5,0.01%,0.03%,0.00%,0.00%,0,0,0.00%,0.00%,￥0,￥0,0,0
B0FF47J347,B0FF47J347,LUX (ラックス) スーパーリッチクリスタル キンモクセイ シャンプー トリートメント セット 450g＋450g,265,1,0.02%,0.01%,379,1,0.02%,0.01%,0.00%,0.00%,0,0,0.00%,0.00%,￥0,￥0,0,0
B0FF4B9KDB,B0FF4B9KDB,LUX (ラックス) バスグロウ キンモクセイ リペア＆シャイン お試し容量ポンプペア シャンプー トリートメント セット 400g+400g,154,1,0.01%,0.01%,219,1,0.01%,0.01%,0.00%,0.00%,0,0,0.00%,0.00%,￥0,￥0,0,0
B0FFGDP69T,B0FFGDP69T,アイスノン シャツミスト 白元アース 冷却スプレー 冷感スプレー ひんやり 冷たい 服にかける 消臭 除菌 暑さ対策 詰め替え 熱中症 猛暑 ミント せっけん,1,0,0.00%,0.00%,1,0,0.00%,0.00%,0.00%,0.00%,0,0,0.00%,0.00%,￥0,￥0,0,0
B0FGMHTKKM,B0FGMHTKKM,【2セット】 パナソニック Panasonic 洗濯用洗浄強化剤 極ラク汚れはがし N-GY1 [900ml] キャップ付き kao 共同開発 洗たく （汚れはがし剤対応機種専用）,356,9,0.02%,0.08%,461,13,0.02%,0.08%,0.00%,0.00%,0,0,0.00%,0.00%,￥0,￥0,0,0
B0FPLHSCPV,B0FKFXCT5X,パナソニック メンズ シェーバー ラムダッシュ PRO 5枚刃 電動 髭剃り ラムダッシュAI⁺ ACアダプター充電 ES-L551U-S チタンシルバー,"16,410",207,1.03%,1.95%,"28,649",304,1.19%,1.93%,0.00%,0.00%,0,0,0.00%,0.00%,￥0,￥0,0,0
B0FM3PZ2SB,B0FL25FXCZ,クーリア シール エターナルジュエリークラウンシール ダークムーンエンジェル 01058,652,0,0.04%,0.00%,920,0,0.04%,0.00%,0.12%,0.00%,0,0,0.00%,0.00%,￥0,￥0,0,0
B0FM3PZ2SB,B0FL2BS87Q,クーリア シール エターナルジュエリークラウンシール マジカルドリーミー 01059,435,0,0.03%,0.00%,544,0,0.02%,0.00%,5.13%,0.00%,0,0,0.00%,0.00%,￥0,￥0,0,0
B0H82QWXW6,B0FL7V5Z4L,【ケース販売】アタック抗菌EX 洗濯洗剤 液体 100日間蓄積した黄ばみもつけ置き級に強力洗浄 つめかえ用 1590ｇ×6個,310,14,0.02%,0.13%,443,18,0.02%,0.11%,1.86%,0.00%,0,0,0.00%,0.00%,￥0,￥0,0,0
B0FTYSPMSN,B0FMKMWLHH,フィリップス 電動歯ブラシ ソニッケアー 5500 自然な白い歯へ,"1,825",24,0.12%,0.23%,"2,594",32,0.11%,0.20%,0.08%,0.00%,0,0,0.00%,0.00%,￥0,￥0,0,0
B0FW4M4KKG,B0FMXCTJJ1,ファブリーズ レノアハピネスミスト 消臭スプレー(衣類・布用) ホワイトティーの香り 5つ星ホテル推奨 詰め替え 1240mL×6 [ケース品],23,0,0.00%,0.00%,30,0,0.00%,0.00%,88.89%,0.00%,0,0,0.00%,0.00%,￥0,￥0,0,0
B0FW4M4KKG,B0FMXWXWHF,ファブリーズ レノアハピネスミスト 消臭スプレー(衣類・布用) ホワイトムスクの香り 5つ星ホテル推奨 詰め替え 1240mL×6 [ケース品],22,0,0.00%,0.00%,32,0,0.00%,0.00%,39.29%,0.00%,0,0,0.00%,0.00%,￥0,￥0,0,0
B0FPQNFSFC,B0FPQNFSFC, ,10,0,0.00%,0.00%,10,0,0.00%,0.00%,100.00%,0.00%,0,0,0.00%,0.00%,￥0,￥0,0,0
B0FQ3G4HYB,B0FQ3G4HYB,ブラウン メンズシェーバー シリーズ5 アズールブルー 防水 充電式 52-A1200s,"12,595",113,0.79%,1.06%,"19,374",167,0.80%,1.06%,0.00%,0.00%,0,0,0.00%,0.00%,￥0,￥0,0,0
B0GRSV7W2Z,B0FRS8BY3V,クーリア バインダー バッグマイシールバインダー もふころりん／ねこ 01115,41,0,0.00%,0.00%,58,0,0.00%,0.00%,1.79%,0.00%,0,0,0.00%,0.00%,￥0,￥0,0,0
B0FRS8PB58,B0FRS8PB58,クーリア バインダー マイシールバインダー 平成レトロファンシー キャンディツインズ 01146,381,5,0.02%,0.05%,571,6,0.02%,0.04%,0.82%,33.33%,0,0,0.00%,0.00%,￥0,￥0,0,0
B0FRS8X8M7,B0FRS8X8M7,クーリア バインダー マイシールバインダー ミルキーシャイキャット 01136,195,0,0.01%,0.00%,274,0,0.01%,0.00%,0.00%,0.00%,0,0,0.00%,0.00%,￥0,￥0,0,0
B0GRSV7W2Z,B0FRS98197,クーリア バインダー バッグマイシールバインダー チャーミングルーム 01118,71,0,0.00%,0.00%,106,0,0.00%,0.00%,12.87%,0.00%,0,0,0.00%,0.00%,￥0,￥0,0,0
B0FRS9W3FT,B0FRS9W3FT,クーリア バインダー マイシールバインダー 平成レトロファンシー メモリークローバー 01147,486,0,0.03%,0.00%,701,0,0.03%,0.00%,2.58%,0.00%,0,0,0.00%,0.00%,￥0,￥0,0,0
B0GRSV7W2Z,B0FRS9YW3T,クーリア バインダー バッグマイシールバインダー ナイトミャウ 01117,51,0,0.00%,0.00%,58,0,0.00%,0.00%,5.36%,0.00%,0,0,0.00%,0.00%,￥0,￥0,0,0
B0GRSV7W2Z,B0FRSBPK5W,クーリア バインダー バッグマイシールバインダー キャンディツインズ 01116,78,0,0.00%,0.00%,102,0,0.00%,0.00%,5.32%,0.00%,0,0,0.00%,0.00%,￥0,￥0,0,0
B0FTSPWQC3,B0FTSPWQC3,Bulldog(ブルドッグ) ブルドッグ 5枚刃 オリジナル バンブーホルダー,2,0,0.00%,0.00%,4,0,0.00%,0.00%,0.00%,0.00%,0,0,0.00%,0.00%,￥0,￥0,0,0
B0FW4QQQF7,B0FW4J69P6,クーリア シール キラキラおはじきシール しずくちゃん しずくちゃん 04382,"1,334",5,0.08%,0.05%,"1,820",6,0.08%,0.04%,0.00%,0.00%,0,0,0.00%,0.00%,￥0,￥0,0,0
B0FW4QQQF7,B0FW4J77K2,クーリア シール キラキラおはじきシール しずくちゃん みるみるちゃん 04383,964,5,0.06%,0.05%,"1,265",6,0.05%,0.04%,0.00%,0.00%,0,0,0.00%,0.00%,￥0,￥0,0,0
B0FW4NJ9B3,B0FW4JXFJC,クーリア シール キラリンウォーターシール しずくちゃん しずくパーク 04387,"1,673",5,0.11%,0.05%,"2,242",6,0.09%,0.04%,0.05%,0.00%,0,0,0.00%,0.00%,￥0,￥0,0,0
B0FW4NJ9B3,B0FW4L9BSQ,クーリア シール キラリンウォーターシール しずくちゃん しずくの森のなかまたち 04388,"1,729",4,0.11%,0.04%,"2,326",7,0.10%,0.04%,0.00%,0.00%,0,0,0.00%,0.00%,￥0,￥0,0,0
B0FW4G8GBH,B0FW4L9WM5,クーリア シール キラキラおはじきシール スイートカフェ 01099,"1,299",3,0.08%,0.03%,"1,780",5,0.07%,0.03%,0.06%,0.00%,0,0,0.00%,0.00%,￥0,￥0,0,0
B0FW4G8GBH,B0FW4N2FK8,クーリア シール キラキラおはじきシール おやすみバニー 01102,827,3,0.05%,0.03%,"1,024",7,0.04%,0.04%,0.00%,0.00%,0,0,0.00%,0.00%,￥0,￥0,0,0
B0H6FM1763,B0FWJYG1BS,ブラウン 電気シェーバー シリーズ9 PRO+ 電動 髭剃り 9587cc-V 2023年モデル 6in1アルコール洗浄システム・美顔器ヘッド付き シルバー,120,0,0.01%,0.00%,135,0,0.01%,0.00%,0.00%,0.00%,0,0,0.00%,0.00%,￥0,￥0,0,0
B0H6FRPYWF,B0FWJYG1BS,ブラウン 電気シェーバー シリーズ9 PRO+ 電動 髭剃り 9587cc-V 2023年モデル 6in1アルコール洗浄システム・美顔器ヘッド付き シルバー,"9,308",56,0.59%,0.53%,"12,109",78,0.50%,0.49%,0.00%,0.00%,0,0,0.00%,0.00%,￥0,￥0,0,0
B0G2XTW9P2,B0G2XTW9P2,【まとめ買い】エクセル セキセイインコ 主食 皮付き 1.3kg×2袋｜ナチュラルペットフーズ｜皮付きブレンド フード 餌 エサ 国産,24,0,0.00%,0.00%,30,0,0.00%,0.00%,100.00%,0.00%,0,0,0.00%,0.00%,￥0,￥0,0,0
B0G488RGW2,B0G48D5CXZ,クーリア シール スペシャルもっちもちシール キャロットうさちゃん 01196,581,1,0.04%,0.01%,707,1,0.03%,0.01%,0.00%,0.00%,0,0,0.00%,0.00%,￥0,￥0,0,0
B0G62KR882,B0G62KR882,リーゼ 泡ブリーチ ナチュラルトーン,1,0,0.00%,0.00%,1,0,0.00%,0.00%,0.00%,0.00%,0,0,0.00%,0.00%,￥0,￥0,0,0
B0G62MFZ8L,B0G62MFZ8L,ビオレ Bioré Zｅｒｏ お風呂で使う汗ケアローション 無香性 200ｍｌ,13,0,0.00%,0.00%,18,0,0.00%,0.00%,0.00%,0.00%,0,0,0.00%,0.00%,￥0,￥0,0,0
B0G6SRWMT7,B0G6SRWMT7,P&G ボールドジェルボール4D ホワイトティー ハイパージャンボ 27個,498,3,0.03%,0.03%,635,5,0.03%,0.03%,0.00%,0.00%,0,0,0.00%,0.00%,￥0,￥0,0,0
B0GBTPJ63F,B0GBTPJ63F,ユニチャーム ハンディワイパー本体 ＋1枚,75,6,0.00%,0.06%,96,6,0.00%,0.04%,8.99%,16.67%,0,0,0.00%,0.00%,￥0,￥0,0,0
B0GCCS4L9K,B0GCCS4L9K,P＆G ボールド ジェルボール4D 心弾けるホワイトティー＆フローラル 詰替 超メガジャンボ70個,92,0,0.01%,0.00%,123,0,0.01%,0.00%,0.00%,0.00%,0,0,0.00%,0.00%,￥0,￥0,0,0
B0GL776DRB,B0GL776DRB,ビオレ おうちdeエステ ディープクレイ洗顔 １８０ｇ 毛穴 黒ずみ 毛穴汚れ 角栓 クレイ 洗顔料,"11,007",90,0.69%,0.85%,"15,934",128,0.66%,0.81%,0.00%,0.00%,0,0,0.00%,0.00%,￥0,￥0,0,0
B0HFBG145W,B0GL776DRB,ビオレ おうちdeエステ ディープクレイ洗顔 １８０ｇ 毛穴 黒ずみ 毛穴汚れ 角栓 クレイ 洗顔料,"55,387",428,3.49%,4.03%,"84,784",738,3.52%,4.67%,0.00%,0.00%,0,0,0.00%,0.00%,￥0,￥0,0,0
B0GMFK57X8,B0GMFK57X8,STARWARS プレミアヘルメット,1,0,0.00%,0.00%,1,0,0.00%,0.00%,0.00%,0.00%,0,0,0.00%,0.00%,￥0,￥0,0,0
B0GSQGRJ2G,B0GSQ5TGBD,クーリア バインダー マイシールバインダー シュガーミエル 01241,254,2,0.02%,0.02%,367,4,0.02%,0.03%,0.00%,0.00%,0,0,0.00%,0.00%,￥0,￥0,0,0
B0GSQGJVRH,B0GSQ5TGBM,クーリア シール キラシャカジュエリーシール キャンディツインズ 01209,777,1,0.05%,0.01%,997,1,0.04%,0.01%,14.66%,0.00%,0,0,0.00%,0.00%,￥0,￥0,0,0
B0GSQGRJ2G,B0GSQ67Z26,クーリア バインダー マイシールバインダー おやすみバニー 01242,277,2,0.02%,0.02%,419,2,0.02%,0.01%,0.00%,0.00%,0,0,0.00%,0.00%,￥0,￥0,0,0
B0GSQGJVRH,B0GSQ6N4ZM,クーリア シール キラシャカジュエリーシール クラウドポップタイム 01205,503,0,0.03%,0.00%,567,0,0.02%,0.00%,0.00%,0.00%,0,0,0.00%,0.00%,￥0,￥0,0,0
B0GSQGJVRH,B0GSQ6WXPC,クーリア シール キラシャカジュエリーシール ナイトミャウ 01208,475,2,0.03%,0.02%,538,2,0.02%,0.01%,0.00%,0.00%,0,0,0.00%,0.00%,￥0,￥0,0,0
B0GSQ9NT7B,B0GSQ8C7RP,クーリア シール キラリンウォーターシール こびとづかん カクレモモジリ 04651,901,1,0.06%,0.01%,"1,180",1,0.05%,0.01%,0.00%,0.00%,0,0,0.00%,0.00%,￥0,￥0,0,0
B0GSQG9BX9,B0GSQ8G4Q2,クーリア バインダー マイシールバインダー こびとづかん カクレモモジリアップ 04807,671,1,0.04%,0.01%,929,1,0.04%,0.01%,0.00%,0.00%,0,0,0.00%,0.00%,￥0,￥0,0,0
B0GSQ9NT7B,B0GSQ8XKB2,クーリア シール キラリンウォーターシール こびとづかん 集合 04650,"1,195",4,0.08%,0.04%,"1,568",5,0.07%,0.03%,0.00%,0.00%,0,0,0.00%,0.00%,￥0,￥0,0,0
B0GSQGJVRH,B0GSQ98RVH,クーリア シール キラシャカジュエリーシール ミータイムホーミーズ 01206,441,2,0.03%,0.02%,518,3,0.02%,0.02%,0.00%,0.00%,0,0,0.00%,0.00%,￥0,￥0,0,0
B0GSQGRJ2G,B0GSQ99VRS,クーリア バインダー マイシールバインダー もふころりんうさぎ 01238,249,0,0.02%,0.00%,343,0,0.01%,0.00%,0.00%,0.00%,0,0,0.00%,0.00%,￥0,￥0,0,0
B0GSQGRJ2G,B0GSQCBT5P,クーリア バインダー マイシールバインダー クラウドポップタイム 01243,174,1,0.01%,0.01%,226,1,0.01%,0.01%,0.00%,0.00%,0,0,0.00%,0.00%,￥0,￥0,0,0
B0GSQGRJ2G,B0GSQCP1MR,クーリア バインダー マイシールバインダー キャンディツインズ 01237,239,1,0.02%,0.01%,355,2,0.01%,0.01%,0.00%,0.00%,0,0,0.00%,0.00%,￥0,￥0,0,0
B0GSQGRJ2G,B0GSQCQXXY,クーリア バインダー マイシールバインダー エナガシロップ 01240,314,2,0.02%,0.02%,454,2,0.02%,0.01%,0.00%,0.00%,0,0,0.00%,0.00%,￥0,￥0,0,0
B0GSQGRJ2G,B0GSQDN987,クーリア バインダー マイシールバインダー もふころりん にゃんこ もふころりんねこ 01239,198,0,0.01%,0.00%,266,0,0.01%,0.00%,0.00%,0.00%,0,0,0.00%,0.00%,￥0,￥0,0,0
B0GSQGJVRH,B0GSQJQVMG,クーリア シール キラシャカジュエリーシール フラッフィーコットンキャンディ 01207,479,1,0.03%,0.01%,571,1,0.02%,0.01%,0.00%,0.00%,0,0,0.00%,0.00%,￥0,￥0,0,0
B0GSQGRJ2G,B0GSQJTCK2,クーリア バインダー マイシールバインダー キャンディツインズスター 01236,253,1,0.02%,0.01%,324,1,0.01%,0.01%,0.00%,0.00%,0,0,0.00%,0.00%,￥0,￥0,0,0
B0GSQHLGMX,B0GSQM3DY7,クーリア シール ボンボンドロップシール パールベール ぴんきーボンボン 01219,"5,127",19,0.32%,0.18%,"5,895",27,0.24%,0.17%,0.02%,5.00%,0,0,0.00%,0.00%,￥0,￥0,0,0
B0GTNG6XZR,B0GTN3DDB7,クーリア バインダー キラキラシールバインダー ハート 01283,440,0,0.03%,0.00%,641,0,0.03%,0.00%,1.62%,0.00%,0,0,0.00%,0.00%,￥0,￥0,0,0
B0GTNG6XZR,B0GTNG34QZ,クーリア バインダー キラキラシールバインダー デイジーA 01280,504,0,0.03%,0.00%,733,0,0.03%,0.00%,1.94%,0.00%,0,0,0.00%,0.00%,￥0,￥0,0,0
B0GZK1BZGT,B0GVXQ7XPV,Laundrin'(ランドリン) 【2026年】 液体 柔軟剤 フレッシュモヒート 600ml,"3,065",29,0.19%,0.27%,"4,231",40,0.18%,0.25%,0.00%,0.00%,0,0,0.00%,0.00%,￥0,￥0,0,0
B0GZK1BZGT,B0GVXVGW8J,Laundrin'(ランドリン) 【2026年】 液体 柔軟剤 フレッシュモヒート 詰め替え 480ml,"2,861",30,0.18%,0.28%,"4,246",38,0.18%,0.24%,0.03%,0.00%,0,0,0.00%,0.00%,￥0,￥0,0,0
B0GWM87DLG,B0GWM87DLG,【2個売り】ハイペット でぐーのきわみ 300g×2個セット（合計600g）デグー専用フード 主食 国産,9,1,0.00%,0.01%,9,1,0.00%,0.01%,0.00%,0.00%,0,0,0.00%,0.00%,￥0,￥0,0,0
B0H412Z57D,B0H412Z57D,ケアセラ(CareCera) APフェイス&ボディ乳液,5,0,0.00%,0.00%,5,0,0.00%,0.00%,0.00%,0.00%,0,0,0.00%,0.00%,￥0,￥0,0,0
B0H5QRR88Z,B0H5QRR88Z,ユニ・チャーム ソフィクールフレッシュ涼感おりものシート 50枚,41,1,0.00%,0.01%,55,2,0.00%,0.01%,0.00%,0.00%,0,0,0.00%,0.00%,￥0,￥0,0,0
B0H5QTSBP4,B0H5QTSBP4,ユニ・チャーム ソフィクールフレッシュ超涼感ナプキン260羽つき 14枚,323,0,0.02%,0.00%,429,0,0.02%,0.00%,0.00%,0.00%,0,0,0.00%,0.00%,￥0,￥0,0,0
B0H5VK7LCM,B0H5VK7LCM,レイス サンリオキャラクターズ はがせるマニキュア 5本セット 230728,2,1,0.00%,0.01%,2,1,0.00%,0.01%,0.00%,0.00%,0,0,0.00%,0.00%,￥0,￥0,0,0
B0H6G5W312,B0H6FBX2H8,【セット品】猫専用 おいしい納豆菌 かつお味 ササミ味 80g×4個セット 猫用おやつ 納豆菌配合 腸内環境 サポート 乳酸菌 キャットフード おやつ 猫間食 国産 (4),7,0,0.00%,0.00%,7,0,0.00%,0.00%,85.71%,0.00%,0,0,0.00%,0.00%,￥0,￥0,0,0
B0H6FX6L1H,B0H6FX6L1H,new balance(ニューバランス) ユニセックス大人 2025年以前モデルU574,320,1,0.02%,0.01%,730,1,0.03%,0.01%,0.00%,0.00%,0,0,0.00%,0.00%,￥0,￥0,0,0
B0H6LNW7QD,B0H6LNW7QD,ニベア クレンジングオイル ビューティースキン 195ml×2個セット オリジナルスパウトパウチ付き メイク落とし クレンジング オイル W洗顔不要 濡れた手OK 毛穴 汚れ 角栓 ウォータープルーフ対応 スキンケア 保湿 花王,12,0,0.00%,0.00%,14,0,0.00%,0.00%,100.00%,0.00%,0,0,0.00%,0.00%,￥0,￥0,0,0
B0H86SZ78H,B0H86SZ78H,ダイアンドライシャンプー40g,1,0,0.00%,0.00%,1,0,0.00%,0.00%,0.00%,0.00%,0,0,0.00%,0.00%,￥0,￥0,0,0
B0H8BVK79S,B0H8BVK79S,ブラウン 電気シェーバー ミドルモデル,1,0,0.00%,0.00%,1,0,0.00%,0.00%,0.00%,0.00%,0,0,0.00%,0.00%,￥0,￥0,0,0
B0H8BXC94Q,B0H8BXC94Q,ブラウン 電気シェーバー,1,0,0.00%,0.00%,1,0,0.00%,0.00%,0.00%,0.00%,0,0,0.00%,0.00%,￥0,￥0,0,0
B0H8NGPB59,B0H8NGPB59,ギュット,6,2,0.00%,0.02%,8,2,0.00%,0.01%,0.00%,0.00%,0,0,0.00%,0.00%,￥0,￥0,0,0
B0FW4M4KKG,B0H8RZXB6Z,ファブリーズ 消臭・除菌 5つ星ホテル推奨 衣類・布製品用消臭剤 レノア HAPPINESS Sleep おやすみラベンダーブレンドの香り 詰め替え 1240mL×6袋 [大容量] [ケース品],71,0,0.00%,0.00%,91,0,0.00%,0.00%,70.83%,0.00%,0,0,0.00%,0.00%,￥0,￥0,0,0
B0H8YRSSFK,B0H8YRSSFK,ユニ・チャーム ソフィクールフレッシュ超涼感おりものシート 50枚,139,3,0.01%,0.03%,177,6,0.01%,0.04%,0.00%,0.00%,0,0,0.00%,0.00%,￥0,￥0,0,0
B0H9XJ4MHS,B0H9XJ4MHS,【まとめ買い】小林製薬 冷凍庫用 熱さまシート ストロング 大人用 12枚×3個セット 合計36枚 冷却シート 強力冷却 瞬間冷却 おでこ用 発熱 暑さ対策,10,2,0.00%,0.02%,11,2,0.00%,0.01%,100.00%,100.00%,0,0,0.00%,0.00%,￥0,￥0,0,0
B0HC1DP7RM,B0HC1DP7RM,【セット品】クーリア キラリン ウォーターシール 6種セット スイートマジカル はむはむハムちゃん チャーミングルーム きらりんエナガマーチ ももいろみるく マイスパークル キラキラ デコシール 立体シール,173,0,0.01%,0.00%,220,0,0.01%,0.00%,99.48%,0.00%,0,0,0.00%,0.00%,￥0,￥0,0,0
B0HC23VCDD,B0HC23VCDD,ミノン薬用ヘアシャンプー,3,0,0.00%,0.00%,3,0,0.00%,0.00%,0.00%,0.00%,0,0,0.00%,0.00%,￥0,￥0,0,0
B0HFBG145W,B0HFBG145W,ビオレ おうちdeエステ ディープクレイ洗顔 １８０ｇ 毛穴 黒ずみ 毛穴汚れ 角栓 クレイ 洗顔料,9,0,0.00%,0.00%,12,0,0.00%,0.00%,0.00%,0.00%,0,0,0.00%,0.00%,￥0,￥0,0,0
B0HFVJD97Z,B0HFVJD97Z,ブラウン 電気シェーバー シリーズ9 SPORT 電動 髭剃り メンズ 9360cc 【Amazon.co.jp 限定】6in1アルコール洗浄システム付 シェーバーケース付 ブラック,1,0,0.00%,0.00%,3,0,0.00%,0.00%,0.00%,0.00%,0,0,0.00%,0.00%,￥0,￥0,0,0
B0HG1YMV6J,B0HG1RQC6T,MAPLE TREE スパウトパウチ 30mL 100枚 キャップ付き 透明 自立式 小分け容器 PE・PET,1,0,0.00%,0.00%,1,0,0.00%,0.00%,100.00%,0.00%,0,0,0.00%,0.00%,￥0,￥0,0,0
B0HG1RYW8Y,B0HG1RYW8Y,【20枚セット】MAPLE TREE スパウトパウチ 30mL キャップ付き 透明 自立式 小分け容器 PE・PET,9,0,0.00%,0.00%,14,0,0.00%,0.00%,100.00%,0.00%,0,0,0.00%,0.00%,￥0,￥0,0,0
B0HG1YMV6J,B0HG1XMBDY,MAPLE TREE スパウトパウチ 30mL 50枚 キャップ付き 透明 自立式 小分け容器 PE・PET,1,0,0.00%,0.00%,1,0,0.00%,0.00%,100.00%,0.00%,0,0,0.00%,0.00%,￥0,￥0,0,0
B0HG5S2C9Q,B0HG5S2C9Q,【まとめ買い】トップ クリアリキッド抗菌 つめかえ用 1420g ×2個セット 洗濯洗剤 液体洗剤 100時間抗菌 部屋干し 生乾き臭対策 フレッシュフローラルの香り すすぎ1回,7,0,0.00%,0.00%,8,0,0.00%,0.00%,100.00%,0.00%,0,0,0.00%,0.00%,￥0,￥0,0,0
B0HG5Z8MR3,B0HG5Z8MR3,【セット品】トップ クリアリキッド 抗菌 本体 840g＋業務用 4kg セット 洗濯洗剤 液体洗剤 大容量 100時間抗菌 微香性 フレッシュフローラル すすぎ1回対応 部屋干し 合計4840g,25,0,0.00%,0.00%,30,0,0.00%,0.00%,100.00%,0.00%,0,0,0.00%,0.00%,￥0,￥0,0,0
B0HG6V7QY1,B0HG6V7QY1,クーリア おしりマルチチャーム 全6種 コンプリートセット 開封済み アソート キーホルダー バッグチャーム コレクション マスコット キャラクター Q-LiA,5,0,0.00%,0.00%,9,0,0.00%,0.00%,100.00%,0.00%,0,0,0.00%,0.00%,￥0,￥0,0,0
B0HG9NG2N2,B0HG9NG2N2,【2個セット】レノア超消臭1WEEK 柔軟剤 詰め替え 1310mL おひさまフローラルの香り 超特大 詰替え 大容量 衣類用柔軟仕上げ剤 2袋セット,8,0,0.00%,0.00%,9,0,0.00%,0.00%,100.00%,0.00%,0,0,0.00%,0.00%,￥0,￥0,0,0
B0HGB24GYM,B0HGB24GYM,【まとめ買い】アタック抗菌EX 部屋干し用 詰め替え 1520g ×2個セット 洗濯洗剤 液体 高湿度90%密集干しでも天日干し級に強力消臭 抗菌 洗濯用洗剤 大容量 花王,4,0,0.00%,0.00%,4,0,0.00%,0.00%,100.00%,0.00%,0,0,0.00%,0.00%,￥0,￥0,0,0
B0HGB9DW51,B0HGB9DW51,【まとめ買い】花王 アタック抗菌EX 洗濯洗剤 液体 詰め替え用 1590g×2個 合計3180g 黄ばみ除去成分新配合 100日間蓄積した黄ばみもつけ置き級に強力洗浄 抗菌 防臭 洗たく槽防カビ,7,0,0.00%,0.00%,8,0,0.00%,0.00%,100.00%,0.00%,0,0,0.00%,0.00%,￥0,￥0,0,0
B0HGMCD9SF,B0HGMCD9SF,サンリオ ウエットティッシュ ケース 純水99% ハローキティ マイメロディ クロミ シナモロール ポムポムプリン ハンギョドン,1,0,0.00%,0.00%,1,0,0.00%,0.00%,0.00%,0.00%,0,0,0.00%,0.00%,￥0,￥0,0,0
B0HH47LBHJ,B0HH47LBHJ,【セット品】クーリア ボンボンドロップシール 12種セット BONBON DROP ぷっくり 立体 ラメ 型押し 手帳 交換 デコレーション,305,0,0.02%,0.00%,335,0,0.01%,0.00%,100.00%,0.00%,0,0,0.00%,0.00%,￥0,￥0,0,0